c_hlevel;c_fullname;c_name;c_synonym_cd;c_visualattributes;c_totalnum;c_basecode;c_metadataxml;c_facttablecolumn;c_tablename;c_columnname;c_columndatatype;c_operator;c_dimcode;c_comment;c_tooltip;m_applied_path;update_date;download_date;import_date;valuetype_cd;m_exclusion_cd;c_path;c_symbol
1;\i2b2\Demographics\;Demographics;N;CA ;NULL;NULL;NULL;concept_cd;concept_dimension;concept_path;T;LIKE;\i2b2\Demographics\;NULL;Demographic;@;2007-04-10 00:00:00;2007-04-10 00:00:00;2007-04-10 00:00:00;NULL;NULL;NULL;NULL
2;\i2b2\Demographics\Age\;Age;N;CA ;NULL;NULL;NULL;concept_cd;concept_dimension;concept_path;T;LIKE;\i2b2\Demographics\Age\;NULL;Demographics \ Age;@;2010-08-18 10:59:52;2010-07-14 09:58:40;2010-07-14 09:58:40;NULL;NULL;NULL;NULL
3;\i2b2\Demographics\Age\>= 65 years old\;>= 65 years old;N;FA ;NULL;NULL;NULL;patient_num;patient_dimension;birth_date;N;<=;(CURRENT_DATE - INTERVAL '23741.25 day');NULL;Demographics \ Age \ >= 65 years old;@;2010-08-18 10:59:52;2010-07-14 09:58:40;2010-07-14 09:58:40;NULL;NULL;NULL;NULL
4;\i2b2\Demographics\Age\>= 65 years old\100\; 100 years old;N;LA ;NULL;DEM|AGE:100;NULL;patient_num;patient_dimension;birth_date;N;BETWEEN;(CURRENT_DATE - INTERVAL '36891.25 day') AND (CURRENT_DATE - INTERVAL '36526 day');NULL;Demographics \ Age \ >= 65 years old \ 100 years old;@;2007-04-10 00:00:00;2007-04-10 00:00:00;2007-04-10 00:00:00;NULL;NULL;NULL;NULL
4;\i2b2\Demographics\Age\>= 65 years old\101\; 101 years old;N;LA ;NULL;DEM|AGE:101;NULL;patient_num;patient_dimension;birth_date;N;BETWEEN;(CURRENT_DATE - INTERVAL '37256.5 day') AND (CURRENT_DATE - INTERVAL '36891.25 day');NULL;Demographics \ Age \ >= 65 years old \ 101 years old;@;2007-04-10 00:00:00;2007-04-10 00:00:00;2007-04-10 00:00:00;NULL;NULL;NULL;NULL
4;\i2b2\Demographics\Age\>= 65 years old\102\; 102 years old;N;LA ;NULL;DEM|AGE:102;NULL;patient_num;patient_dimension;birth_date;N;BETWEEN;(CURRENT_DATE - INTERVAL '37621.75 day') AND (CURRENT_DATE - INTERVAL '37256.5 day');NULL;Demographics \ Age \ >= 65 years old \ 102 years old;@;2007-04-10 00:00:00;2007-04-10 00:00:00;2007-04-10 00:00:00;NULL;NULL;NULL;NULL
4;\i2b2\Demographics\Age\>= 65 years old\103\; 103 years old;N;LA ;NULL;DEM|AGE:103;NULL;patient_num;patient_dimension;birth_date;N;BETWEEN;(CURRENT_DATE - INTERVAL '37987 day') AND (CURRENT_DATE - INTERVAL '37621.75 day');NULL;Demographics \ Age \ >= 65 years old \ 103 years old;@;2007-04-10 00:00:00;2007-04-10 00:00:00;2007-04-10 00:00:00;NULL;NULL;NULL;NULL
4;\i2b2\Demographics\Age\>= 65 years old\104\; 104 years old;N;LA ;NULL;DEM|AGE:104;NULL;patient_num;patient_dimension;birth_date;N;BETWEEN;(CURRENT_DATE - INTERVAL '38352.25 day') AND (CURRENT_DATE - INTERVAL '37987 day');NULL;Demographics \ Age \ >= 65 years old \ 104 years old;@;2007-04-10 00:00:00;2007-04-10 00:00:00;2007-04-10 00:00:00;NULL;NULL;NULL;NULL
4;\i2b2\Demographics\Age\>= 65 years old\105\; 105 years old;N;LA ;NULL;DEM|AGE:105;NULL;patient_num;patient_dimension;birth_date;N;BETWEEN;(CURRENT_DATE - INTERVAL '38717.5 day') AND (CURRENT_DATE - INTERVAL '38352.25 day');NULL;Demographics \ Age \ >= 65 years old \ 105 years old;@;2007-04-10 00:00:00;2007-04-10 00:00:00;2007-04-10 00:00:00;NULL;NULL;NULL;NULL
4;\i2b2\Demographics\Age\>= 65 years old\106\; 106 years old;N;LA ;NULL;DEM|AGE:106;NULL;patient_num;patient_dimension;birth_date;N;BETWEEN;(CURRENT_DATE - INTERVAL '39082.75 day') AND (CURRENT_DATE - INTERVAL '38717.5 day');NULL;Demographics \ Age \ >= 65 years old \ 106 years old;@;2007-04-10 00:00:00;2007-04-10 00:00:00;2007-04-10 00:00:00;NULL;NULL;NULL;NULL
4;\i2b2\Demographics\Age\>= 65 years old\107\; 107 years old;N;LA ;NULL;DEM|AGE:107;NULL;patient_num;patient_dimension;birth_date;N;BETWEEN;(CURRENT_DATE - INTERVAL '39448 day') AND (CURRENT_DATE - INTERVAL '39082.75 day');NULL;Demographics \ Age \ >= 65 years old \ 107 years old;@;2007-04-10 00:00:00;2007-04-10 00:00:00;2007-04-10 00:00:00;NULL;NULL;NULL;NULL
4;\i2b2\Demographics\Age\>= 65 years old\108\; 108 years old;N;LA ;NULL;DEM|AGE:108;NULL;patient_num;patient_dimension;birth_date;N;BETWEEN;(CURRENT_DATE - INTERVAL '39813.25 day') AND (CURRENT_DATE - INTERVAL '39448 day');NULL;Demographics \ Age \ >= 65 years old \ 108 years old;@;2007-04-10 00:00:00;2007-04-10 00:00:00;2007-04-10 00:00:00;NULL;NULL;NULL;NULL
4;\i2b2\Demographics\Age\>= 65 years old\109\; 109 years old;N;LA ;NULL;DEM|AGE:109;NULL;patient_num;patient_dimension;birth_date;N;BETWEEN;(CURRENT_DATE - INTERVAL '40178.5 day') AND (CURRENT_DATE - INTERVAL '39813.25 day');NULL;Demographics \ Age \ >= 65 years old \ 109 years old;@;2007-04-10 00:00:00;2007-04-10 00:00:00;2007-04-10 00:00:00;NULL;NULL;NULL;NULL
4;\i2b2\Demographics\Age\>= 65 years old\110\; 110 years old;N;LA ;NULL;DEM|AGE:110;NULL;patient_num;patient_dimension;birth_date;N;BETWEEN;(CURRENT_DATE - INTERVAL '40543.75 day') AND (CURRENT_DATE - INTERVAL '40178.5 day');NULL;Demographics \ Age \ >= 65 years old \ 110 years old;@;2007-04-10 00:00:00;2007-04-10 00:00:00;2007-04-10 00:00:00;NULL;NULL;NULL;NULL
4;\i2b2\Demographics\Age\>= 65 years old\111\; 111 years old;N;LA ;NULL;DEM|AGE:111;NULL;patient_num;patient_dimension;birth_date;N;BETWEEN;(CURRENT_DATE - INTERVAL '40909 day') AND (CURRENT_DATE - INTERVAL '40543.75 day');NULL;Demographics \ Age \ >= 65 years old \ 111 years old;@;2007-04-10 00:00:00;2007-04-10 00:00:00;2007-04-10 00:00:00;NULL;NULL;NULL;NULL
4;\i2b2\Demographics\Age\>= 65 years old\112\; 112 years old;N;LA ;NULL;DEM|AGE:112;NULL;patient_num;patient_dimension;birth_date;N;BETWEEN;(CURRENT_DATE - INTERVAL '41274.25 day') AND (CURRENT_DATE - INTERVAL '40909 day');NULL;Demographics \ Age \ >= 65 years old \ 112 years old;@;2007-04-10 00:00:00;2007-04-10 00:00:00;2007-04-10 00:00:00;NULL;NULL;NULL;NULL
4;\i2b2\Demographics\Age\>= 65 years old\113\; 113 years old;N;LA ;NULL;DEM|AGE:113;NULL;patient_num;patient_dimension;birth_date;N;BETWEEN;(CURRENT_DATE - INTERVAL '41639.5 day') AND (CURRENT_DATE - INTERVAL '41274.25 day');NULL;Demographics \ Age \ >= 65 years old \ 113 years old;@;2007-04-10 00:00:00;2007-04-10 00:00:00;2007-04-10 00:00:00;NULL;NULL;NULL;NULL
4;\i2b2\Demographics\Age\>= 65 years old\114\; 114 years old;N;LA ;NULL;DEM|AGE:114;NULL;patient_num;patient_dimension;birth_date;N;BETWEEN;(CURRENT_DATE - INTERVAL '42004.75 day') AND (CURRENT_DATE - INTERVAL '41639.5 day');NULL;Demographics \ Age \ >= 65 years old \ 114 years old;@;2007-04-10 00:00:00;2007-04-10 00:00:00;2007-04-10 00:00:00;NULL;NULL;NULL;NULL
4;\i2b2\Demographics\Age\>= 65 years old\115\; 115 years old;N;LA ;NULL;DEM|AGE:115;NULL;patient_num;patient_dimension;birth_date;N;BETWEEN;(CURRENT_DATE - INTERVAL '42370 day') AND (CURRENT_DATE - INTERVAL '42004.75 day');NULL;Demographics \ Age \ >= 65 years old \ 115 years old;@;2007-04-10 00:00:00;2007-04-10 00:00:00;2007-04-10 00:00:00;NULL;NULL;NULL;NULL
4;\i2b2\Demographics\Age\>= 65 years old\116\; 116 years old;N;LA ;NULL;DEM|AGE:116;NULL;patient_num;patient_dimension;birth_date;N;BETWEEN;(CURRENT_DATE - INTERVAL '42735.25 day') AND (CURRENT_DATE - INTERVAL '42370 day');NULL;Demographics \ Age \ >= 65 years old \ 116 years old;@;2007-04-10 00:00:00;2007-04-10 00:00:00;2007-04-10 00:00:00;NULL;NULL;NULL;NULL
4;\i2b2\Demographics\Age\>= 65 years old\117\; 117 years old;N;LA ;NULL;DEM|AGE:117;NULL;patient_num;patient_dimension;birth_date;N;BETWEEN;(CURRENT_DATE - INTERVAL '43100.5 day') AND (CURRENT_DATE - INTERVAL '42735.25 day');NULL;Demographics \ Age \ >= 65 years old \ 117 years old;@;2007-04-10 00:00:00;2007-04-10 00:00:00;2007-04-10 00:00:00;NULL;NULL;NULL;NULL
4;\i2b2\Demographics\Age\>= 65 years old\118\; 118 years old;N;LA ;NULL;DEM|AGE:118;NULL;patient_num;patient_dimension;birth_date;N;BETWEEN;(CURRENT_DATE - INTERVAL '43465.75 day') AND (CURRENT_DATE - INTERVAL '43100.5 day');NULL;Demographics \ Age \ >= 65 years old \ 118 years old;@;2007-04-10 00:00:00;2007-04-10 00:00:00;2007-04-10 00:00:00;NULL;NULL;NULL;NULL
4;\i2b2\Demographics\Age\>= 65 years old\119\; 119 years old;N;LA ;NULL;DEM|AGE:119;NULL;patient_num;patient_dimension;birth_date;N;BETWEEN;(CURRENT_DATE - INTERVAL '43831 day') AND (CURRENT_DATE - INTERVAL '43465.75 day');NULL;Demographics \ Age \ >= 65 years old \ 119 years old;@;2007-04-10 00:00:00;2007-04-10 00:00:00;2007-04-10 00:00:00;NULL;NULL;NULL;NULL
4;\i2b2\Demographics\Age\>= 65 years old\120\; 120 years old;N;LA ;NULL;DEM|AGE:120;NULL;patient_num;patient_dimension;birth_date;N;BETWEEN;(CURRENT_DATE - INTERVAL '44196.25 day') AND (CURRENT_DATE - INTERVAL '43831 day');NULL;Demographics \ Age \ >= 65 years old \ 120 years old;@;2007-04-10 00:00:00;2007-04-10 00:00:00;2007-04-10 00:00:00;NULL;NULL;NULL;NULL
4;\i2b2\Demographics\Age\>= 65 years old\65\;  65 years old;N;LA ;NULL;DEM|AGE:65;NULL;patient_num;patient_dimension;birth_date;N;BETWEEN;(CURRENT_DATE - INTERVAL '24107.5 day') AND (CURRENT_DATE - INTERVAL '23742.25 day');NULL;Demographics \ Age \ >= 65 years old \ 65 years old;@;2007-04-10 00:00:00;2007-04-10 00:00:00;2007-04-10 00:00:00;NULL;NULL;NULL;NULL
4;\i2b2\Demographics\Age\>= 65 years old\66\;  66 years old;N;LA ;NULL;DEM|AGE:66;NULL;patient_num;patient_dimension;birth_date;N;BETWEEN;(CURRENT_DATE - INTERVAL '24472.75 day') AND (CURRENT_DATE - INTERVAL '24107.5 day');NULL;Demographics \ Age \ >= 65 years old \ 66 years old;@;2007-04-10 00:00:00;2007-04-10 00:00:00;2007-04-10 00:00:00;NULL;NULL;NULL;NULL
4;\i2b2\Demographics\Age\>= 65 years old\67\;  67 years old;N;LA ;NULL;DEM|AGE:67;NULL;patient_num;patient_dimension;birth_date;N;BETWEEN;(CURRENT_DATE - INTERVAL '24838 day') AND (CURRENT_DATE - INTERVAL '24472.75 day');NULL;Demographics \ Age \ >= 65 years old \ 67 years old;@;2007-04-10 00:00:00;2007-04-10 00:00:00;2007-04-10 00:00:00;NULL;NULL;NULL;NULL
4;\i2b2\Demographics\Age\>= 65 years old\68\;  68 years old;N;LA ;NULL;DEM|AGE:68;NULL;patient_num;patient_dimension;birth_date;N;BETWEEN;(CURRENT_DATE - INTERVAL '25203.25 day') AND (CURRENT_DATE - INTERVAL '24838 day');NULL;Demographics \ Age \ >= 65 years old \ 68 years old;@;2007-04-10 00:00:00;2007-04-10 00:00:00;2007-04-10 00:00:00;NULL;NULL;NULL;NULL
4;\i2b2\Demographics\Age\>= 65 years old\69\;  69 years old;N;LA ;NULL;DEM|AGE:69;NULL;patient_num;patient_dimension;birth_date;N;BETWEEN;(CURRENT_DATE - INTERVAL '25568.5 day') AND (CURRENT_DATE - INTERVAL '25203.25 day');NULL;Demographics \ Age \ >= 65 years old \ 69 years old;@;2007-04-10 00:00:00;2007-04-10 00:00:00;2007-04-10 00:00:00;NULL;NULL;NULL;NULL
4;\i2b2\Demographics\Age\>= 65 years old\70\;  70 years old;N;LA ;NULL;DEM|AGE:70;NULL;patient_num;patient_dimension;birth_date;N;BETWEEN;(CURRENT_DATE - INTERVAL '25933.75 day') AND (CURRENT_DATE - INTERVAL '25568.5 day');NULL;Demographics \ Age \ >= 65 years old \ 70 years old;@;2007-04-10 00:00:00;2007-04-10 00:00:00;2007-04-10 00:00:00;NULL;NULL;NULL;NULL
4;\i2b2\Demographics\Age\>= 65 years old\71\;  71 years old;N;LA ;NULL;DEM|AGE:71;NULL;patient_num;patient_dimension;birth_date;N;BETWEEN;(CURRENT_DATE - INTERVAL '26299 day') AND (CURRENT_DATE - INTERVAL '25933.75 day');NULL;Demographics \ Age \ >= 65 years old \ 71 years old;@;2007-04-10 00:00:00;2007-04-10 00:00:00;2007-04-10 00:00:00;NULL;NULL;NULL;NULL
4;\i2b2\Demographics\Age\>= 65 years old\72\;  72 years old;N;LA ;NULL;DEM|AGE:72;NULL;patient_num;patient_dimension;birth_date;N;BETWEEN;(CURRENT_DATE - INTERVAL '26664.25 day') AND (CURRENT_DATE - INTERVAL '26299 day');NULL;Demographics \ Age \ >= 65 years old \ 72 years old;@;2007-04-10 00:00:00;2007-04-10 00:00:00;2007-04-10 00:00:00;NULL;NULL;NULL;NULL
4;\i2b2\Demographics\Age\>= 65 years old\73\;  73 years old;N;LA ;NULL;DEM|AGE:73;NULL;patient_num;patient_dimension;birth_date;N;BETWEEN;(CURRENT_DATE - INTERVAL '27029.5 day') AND (CURRENT_DATE - INTERVAL '26664.25 day');NULL;Demographics \ Age \ >= 65 years old \ 73 years old;@;2007-04-10 00:00:00;2007-04-10 00:00:00;2007-04-10 00:00:00;NULL;NULL;NULL;NULL
4;\i2b2\Demographics\Age\>= 65 years old\74\;  74 years old;N;LA ;NULL;DEM|AGE:74;NULL;patient_num;patient_dimension;birth_date;N;BETWEEN;(CURRENT_DATE - INTERVAL '27384.75 day') AND (CURRENT_DATE - INTERVAL '27029.5 day');NULL;Demographics \ Age \ >= 65 years old \ 74 years old;@;2007-04-10 00:00:00;2007-04-10 00:00:00;2007-04-10 00:00:00;NULL;NULL;NULL;NULL
4;\i2b2\Demographics\Age\>= 65 years old\75\;  75 years old;N;LA ;NULL;DEM|AGE:75;NULL;patient_num;patient_dimension;birth_date;N;BETWEEN;(CURRENT_DATE - INTERVAL '27760 day') AND (CURRENT_DATE - INTERVAL '27394.75 day');NULL;Demographics \ Age \ >= 65 years old \ 75 years old;@;2007-04-10 00:00:00;2007-04-10 00:00:00;2007-04-10 00:00:00;NULL;NULL;NULL;NULL
4;\i2b2\Demographics\Age\>= 65 years old\76\;  76 years old;N;LA ;NULL;DEM|AGE:76;NULL;patient_num;patient_dimension;birth_date;N;BETWEEN;(CURRENT_DATE - INTERVAL '28125.25 day') AND (CURRENT_DATE - INTERVAL '27760 day');NULL;Demographics \ Age \ >= 65 years old \ 76 years old;@;2007-04-10 00:00:00;2007-04-10 00:00:00;2007-04-10 00:00:00;NULL;NULL;NULL;NULL
4;\i2b2\Demographics\Age\>= 65 years old\77\;  77 years old;N;LA ;NULL;DEM|AGE:77;NULL;patient_num;patient_dimension;birth_date;N;BETWEEN;(CURRENT_DATE - INTERVAL '28490.5 day') AND (CURRENT_DATE - INTERVAL '28125.25 day');NULL;Demographics \ Age \ >= 65 years old \ 77 years old;@;2007-04-10 00:00:00;2007-04-10 00:00:00;2007-04-10 00:00:00;NULL;NULL;NULL;NULL
4;\i2b2\Demographics\Age\>= 65 years old\78\;  78 years old;N;LA ;NULL;DEM|AGE:78;NULL;patient_num;patient_dimension;birth_date;N;BETWEEN;(CURRENT_DATE - INTERVAL '28855.75 day') AND (CURRENT_DATE - INTERVAL '28490.5 day');NULL;Demographics \ Age \ >= 65 years old \ 78 years old;@;2007-04-10 00:00:00;2007-04-10 00:00:00;2007-04-10 00:00:00;NULL;NULL;NULL;NULL
4;\i2b2\Demographics\Age\>= 65 years old\79\;  79 years old;N;LA ;NULL;DEM|AGE:79;NULL;patient_num;patient_dimension;birth_date;N;BETWEEN;(CURRENT_DATE - INTERVAL '29221 day') AND (CURRENT_DATE - INTERVAL '28855.75 day');NULL;Demographics \ Age \ >= 65 years old \ 79 years old;@;2007-04-10 00:00:00;2007-04-10 00:00:00;2007-04-10 00:00:00;NULL;NULL;NULL;NULL
4;\i2b2\Demographics\Age\>= 65 years old\80\;  80 years old;N;LA ;NULL;DEM|AGE:80;NULL;patient_num;patient_dimension;birth_date;N;BETWEEN;(CURRENT_DATE - INTERVAL '29586.25 day') AND (CURRENT_DATE - INTERVAL '29221 day');NULL;Demographics \ Age \ >= 65 years old \ 80 years old;@;2007-04-10 00:00:00;2007-04-10 00:00:00;2007-04-10 00:00:00;NULL;NULL;NULL;NULL
4;\i2b2\Demographics\Age\>= 65 years old\81\;  81 years old;N;LA ;NULL;DEM|AGE:81;NULL;patient_num;patient_dimension;birth_date;N;BETWEEN;(CURRENT_DATE - INTERVAL '29951.5 day') AND (CURRENT_DATE - INTERVAL '29586.25 day');NULL;Demographics \ Age \ >= 65 years old \ 81 years old;@;2007-04-10 00:00:00;2007-04-10 00:00:00;2007-04-10 00:00:00;NULL;NULL;NULL;NULL
4;\i2b2\Demographics\Age\>= 65 years old\82\;  82 years old;N;LA ;NULL;DEM|AGE:82;NULL;patient_num;patient_dimension;birth_date;N;BETWEEN;(CURRENT_DATE - INTERVAL '30316.75 day') AND (CURRENT_DATE - INTERVAL '29951.5 day');NULL;Demographics \ Age \ >= 65 years old \ 82 years old;@;2007-04-10 00:00:00;2007-04-10 00:00:00;2007-04-10 00:00:00;NULL;NULL;NULL;NULL
4;\i2b2\Demographics\Age\>= 65 years old\83\;  83 years old;N;LA ;NULL;DEM|AGE:83;NULL;patient_num;patient_dimension;birth_date;N;BETWEEN;(CURRENT_DATE - INTERVAL '30682 day') AND (CURRENT_DATE - INTERVAL '30316.75 day');NULL;Demographics \ Age \ >= 65 years old \ 83 years old;@;2007-04-10 00:00:00;2007-04-10 00:00:00;2007-04-10 00:00:00;NULL;NULL;NULL;NULL
4;\i2b2\Demographics\Age\>= 65 years old\84\;  84 years old;N;LA ;NULL;DEM|AGE:84;NULL;patient_num;patient_dimension;birth_date;N;BETWEEN;(CURRENT_DATE - INTERVAL '31047.25 day') AND (CURRENT_DATE - INTERVAL '30682 day');NULL;Demographics \ Age \ >= 65 years old \ 84 years old;@;2007-04-10 00:00:00;2007-04-10 00:00:00;2007-04-10 00:00:00;NULL;NULL;NULL;NULL
4;\i2b2\Demographics\Age\>= 65 years old\85\;  85 years old;N;LA ;NULL;DEM|AGE:85;NULL;patient_num;patient_dimension;birth_date;N;BETWEEN;(CURRENT_DATE - INTERVAL '31412.5 day') AND (CURRENT_DATE - INTERVAL '31047.25 day');NULL;Demographics \ Age \ >= 65 years old \ 85 years old;@;2007-04-10 00:00:00;2007-04-10 00:00:00;2007-04-10 00:00:00;NULL;NULL;NULL;NULL
4;\i2b2\Demographics\Age\>= 65 years old\86\;  86 years old;N;LA ;NULL;DEM|AGE:86;NULL;patient_num;patient_dimension;birth_date;N;BETWEEN;(CURRENT_DATE - INTERVAL '31777.75 day') AND (CURRENT_DATE - INTERVAL '31412.5 day');NULL;Demographics \ Age \ >= 65 years old \ 86 years old;@;2007-04-10 00:00:00;2007-04-10 00:00:00;2007-04-10 00:00:00;NULL;NULL;NULL;NULL
4;\i2b2\Demographics\Age\>= 65 years old\87\;  87 years old;N;LA ;NULL;DEM|AGE:87;NULL;patient_num;patient_dimension;birth_date;N;BETWEEN;(CURRENT_DATE - INTERVAL '32143 day') AND (CURRENT_DATE - INTERVAL '31777.75 day');NULL;Demographics \ Age \ >= 65 years old \ 87 years old;@;2007-04-10 00:00:00;2007-04-10 00:00:00;2007-04-10 00:00:00;NULL;NULL;NULL;NULL
4;\i2b2\Demographics\Age\>= 65 years old\88\;  88 years old;N;LA ;NULL;DEM|AGE:88;NULL;patient_num;patient_dimension;birth_date;N;BETWEEN;(CURRENT_DATE - INTERVAL '32508.25 day') AND (CURRENT_DATE - INTERVAL '32143 day');NULL;Demographics \ Age \ >= 65 years old \ 88 years old;@;2007-04-10 00:00:00;2007-04-10 00:00:00;2007-04-10 00:00:00;NULL;NULL;NULL;NULL
4;\i2b2\Demographics\Age\>= 65 years old\89\;  89 years old;N;LA ;NULL;DEM|AGE:89;NULL;patient_num;patient_dimension;birth_date;N;BETWEEN;(CURRENT_DATE - INTERVAL '32873.5 day') AND (CURRENT_DATE - INTERVAL '32508.25 day');NULL;Demographics \ Age \ >= 65 years old \ 89 years old;@;2007-04-10 00:00:00;2007-04-10 00:00:00;2007-04-10 00:00:00;NULL;NULL;NULL;NULL
4;\i2b2\Demographics\Age\>= 65 years old\90\;  90 years old;N;LA ;NULL;DEM|AGE:90;NULL;patient_num;patient_dimension;birth_date;N;BETWEEN;(CURRENT_DATE - INTERVAL '33238.75 day') AND (CURRENT_DATE - INTERVAL '32873.5 day');NULL;Demographics \ Age \ >= 65 years old \ 90 years old;@;2007-04-10 00:00:00;2007-04-10 00:00:00;2007-04-10 00:00:00;NULL;NULL;NULL;NULL
4;\i2b2\Demographics\Age\>= 65 years old\91\;  91 years old;N;LA ;NULL;DEM|AGE:91;NULL;patient_num;patient_dimension;birth_date;N;BETWEEN;(CURRENT_DATE - INTERVAL '33604 day') AND (CURRENT_DATE - INTERVAL '33238.75 day');NULL;Demographics \ Age \ >= 65 years old \ 91 years old;@;2007-04-10 00:00:00;2007-04-10 00:00:00;2007-04-10 00:00:00;NULL;NULL;NULL;NULL
4;\i2b2\Demographics\Age\>= 65 years old\92\;  92 years old;N;LA ;NULL;DEM|AGE:92;NULL;patient_num;patient_dimension;birth_date;N;BETWEEN;(CURRENT_DATE - INTERVAL '33969.25 day') AND (CURRENT_DATE - INTERVAL '33604 day');NULL;Demographics \ Age \ >= 65 years old \ 92 years old;@;2007-04-10 00:00:00;2007-04-10 00:00:00;2007-04-10 00:00:00;NULL;NULL;NULL;NULL
4;\i2b2\Demographics\Age\>= 65 years old\93\;  93 years old;N;LA ;NULL;DEM|AGE:93;NULL;patient_num;patient_dimension;birth_date;N;BETWEEN;(CURRENT_DATE - INTERVAL '34334.5 day') AND (CURRENT_DATE - INTERVAL '33969.25 day');NULL;Demographics \ Age \ >= 65 years old \ 93 years old;@;2007-04-10 00:00:00;2007-04-10 00:00:00;2007-04-10 00:00:00;NULL;NULL;NULL;NULL
4;\i2b2\Demographics\Age\>= 65 years old\94\;  94 years old;N;LA ;NULL;DEM|AGE:94;NULL;patient_num;patient_dimension;birth_date;N;BETWEEN;(CURRENT_DATE - INTERVAL '34699.75 day') AND (CURRENT_DATE - INTERVAL '34334.5 day');NULL;Demographics \ Age \ >= 65 years old \ 94 years old;@;2007-04-10 00:00:00;2007-04-10 00:00:00;2007-04-10 00:00:00;NULL;NULL;NULL;NULL
4;\i2b2\Demographics\Age\>= 65 years old\95\;  95 years old;N;LA ;NULL;DEM|AGE:95;NULL;patient_num;patient_dimension;birth_date;N;BETWEEN;(CURRENT_DATE - INTERVAL '35065 day') AND (CURRENT_DATE - INTERVAL '34699.75 day');NULL;Demographics \ Age \ >= 65 years old \ 95 years old;@;2007-04-10 00:00:00;2007-04-10 00:00:00;2007-04-10 00:00:00;NULL;NULL;NULL;NULL
4;\i2b2\Demographics\Age\>= 65 years old\96\;  96 years old;N;LA ;NULL;DEM|AGE:96;NULL;patient_num;patient_dimension;birth_date;N;BETWEEN;(CURRENT_DATE - INTERVAL '35430.25 day') AND (CURRENT_DATE - INTERVAL '35065 day');NULL;Demographics \ Age \ >= 65 years old \ 96 years old;@;2007-04-10 00:00:00;2007-04-10 00:00:00;2007-04-10 00:00:00;NULL;NULL;NULL;NULL
4;\i2b2\Demographics\Age\>= 65 years old\97\;  97 years old;N;LA ;NULL;DEM|AGE:97;NULL;patient_num;patient_dimension;birth_date;N;BETWEEN;(CURRENT_DATE - INTERVAL '35795.5 day') AND (CURRENT_DATE - INTERVAL '35430.25 day');NULL;Demographics \ Age \ >= 65 years old \ 97 years old;@;2007-04-10 00:00:00;2007-04-10 00:00:00;2007-04-10 00:00:00;NULL;NULL;NULL;NULL
4;\i2b2\Demographics\Age\>= 65 years old\98\;  98 years old;N;LA ;NULL;DEM|AGE:98;NULL;patient_num;patient_dimension;birth_date;N;BETWEEN;(CURRENT_DATE - INTERVAL '36160.75 day') AND (CURRENT_DATE - INTERVAL '35795.5 day');NULL;Demographics \ Age \ >= 65 years old \ 98 years old;@;2007-04-10 00:00:00;2007-04-10 00:00:00;2007-04-10 00:00:00;NULL;NULL;NULL;NULL
4;\i2b2\Demographics\Age\>= 65 years old\99\;  99 years old;N;LA ;NULL;DEM|AGE:99;NULL;patient_num;patient_dimension;birth_date;N;BETWEEN;(CURRENT_DATE - INTERVAL '36526 day') AND (CURRENT_DATE - INTERVAL '36160.75 day');NULL;Demographics \ Age \ >= 65 years old \ 99 years old;@;2007-04-10 00:00:00;2007-04-10 00:00:00;2007-04-10 00:00:00;NULL;NULL;NULL;NULL
3;\i2b2\Demographics\Age\>= 85 years old\;>= 85 years old;N;FA ;NULL;NULL;NULL;patient_num;patient_dimension;birth_date;N;<=;(CURRENT_DATE - INTERVAL '31047.25 day');NULL;Demographics \ Age \ >= 85 years old;@;2010-08-18 10:59:52;2010-07-14 09:58:40;2010-07-14 09:58:40;NULL;NULL;NULL;NULL
4;\i2b2\Demographics\Age\>= 85 years old\100\; 100 years old;N;LA ;NULL;DEM|AGE:100;NULL;patient_num;patient_dimension;birth_date;N;BETWEEN;(CURRENT_DATE - INTERVAL '36891.25 day') AND (CURRENT_DATE - INTERVAL '36526 day');NULL;Demographics \ Age \ >= 85 years old \ 100 years old;@;2007-04-10 00:00:00;2007-04-10 00:00:00;2007-04-10 00:00:00;NULL;NULL;NULL;NULL
4;\i2b2\Demographics\Age\>= 85 years old\101\; 101 years old;N;LA ;NULL;DEM|AGE:101;NULL;patient_num;patient_dimension;birth_date;N;BETWEEN;(CURRENT_DATE - INTERVAL '37256.5 day') AND (CURRENT_DATE - INTERVAL '36891.25 day');NULL;Demographics \ Age \ >= 85 years old \ 101 years old;@;2007-04-10 00:00:00;2007-04-10 00:00:00;2007-04-10 00:00:00;NULL;NULL;NULL;NULL
4;\i2b2\Demographics\Age\>= 85 years old\102\; 102 years old;N;LA ;NULL;DEM|AGE:102;NULL;patient_num;patient_dimension;birth_date;N;BETWEEN;(CURRENT_DATE - INTERVAL '37621.75 day') AND (CURRENT_DATE - INTERVAL '37256.5 day');NULL;Demographics \ Age \ >= 85 years old \ 102 years old;@;2007-04-10 00:00:00;2007-04-10 00:00:00;2007-04-10 00:00:00;NULL;NULL;NULL;NULL
4;\i2b2\Demographics\Age\>= 85 years old\103\; 103 years old;N;LA ;NULL;DEM|AGE:103;NULL;patient_num;patient_dimension;birth_date;N;BETWEEN;(CURRENT_DATE - INTERVAL '37987 day') AND (CURRENT_DATE - INTERVAL '37621.75 day');NULL;Demographics \ Age \ >= 85 years old \ 103 years old;@;2007-04-10 00:00:00;2007-04-10 00:00:00;2007-04-10 00:00:00;NULL;NULL;NULL;NULL
4;\i2b2\Demographics\Age\>= 85 years old\104\; 104 years old;N;LA ;NULL;DEM|AGE:104;NULL;patient_num;patient_dimension;birth_date;N;BETWEEN;(CURRENT_DATE - INTERVAL '38352.25 day') AND (CURRENT_DATE - INTERVAL '37987 day');NULL;Demographics \ Age \ >= 85 years old \ 104 years old;@;2007-04-10 00:00:00;2007-04-10 00:00:00;2007-04-10 00:00:00;NULL;NULL;NULL;NULL
4;\i2b2\Demographics\Age\>= 85 years old\105\; 105 years old;N;LA ;NULL;DEM|AGE:105;NULL;patient_num;patient_dimension;birth_date;N;BETWEEN;(CURRENT_DATE - INTERVAL '38717.5 day') AND (CURRENT_DATE - INTERVAL '38352.25 day');NULL;Demographics \ Age \ >= 85 years old \ 105 years old;@;2007-04-10 00:00:00;2007-04-10 00:00:00;2007-04-10 00:00:00;NULL;NULL;NULL;NULL
4;\i2b2\Demographics\Age\>= 85 years old\106\; 106 years old;N;LA ;NULL;DEM|AGE:106;NULL;patient_num;patient_dimension;birth_date;N;BETWEEN;(CURRENT_DATE - INTERVAL '39082.75 day') AND (CURRENT_DATE - INTERVAL '38717.5 day');NULL;Demographics \ Age \ >= 85 years old \ 106 years old;@;2007-04-10 00:00:00;2007-04-10 00:00:00;2007-04-10 00:00:00;NULL;NULL;NULL;NULL
4;\i2b2\Demographics\Age\>= 85 years old\107\; 107 years old;N;LA ;NULL;DEM|AGE:107;NULL;patient_num;patient_dimension;birth_date;N;BETWEEN;(CURRENT_DATE - INTERVAL '39448 day') AND (CURRENT_DATE - INTERVAL '39082.75 day');NULL;Demographics \ Age \ >= 85 years old \ 107 years old;@;2007-04-10 00:00:00;2007-04-10 00:00:00;2007-04-10 00:00:00;NULL;NULL;NULL;NULL
4;\i2b2\Demographics\Age\>= 85 years old\108\; 108 years old;N;LA ;NULL;DEM|AGE:108;NULL;patient_num;patient_dimension;birth_date;N;BETWEEN;(CURRENT_DATE - INTERVAL '39813.25 day') AND (CURRENT_DATE - INTERVAL '39448 day');NULL;Demographics \ Age \ >= 85 years old \ 108 years old;@;2007-04-10 00:00:00;2007-04-10 00:00:00;2007-04-10 00:00:00;NULL;NULL;NULL;NULL
4;\i2b2\Demographics\Age\>= 85 years old\109\; 109 years old;N;LA ;NULL;DEM|AGE:109;NULL;patient_num;patient_dimension;birth_date;N;BETWEEN;(CURRENT_DATE - INTERVAL '40178.5 day') AND (CURRENT_DATE - INTERVAL '39813.25 day');NULL;Demographics \ Age \ >= 85 years old \ 109 years old;@;2007-04-10 00:00:00;2007-04-10 00:00:00;2007-04-10 00:00:00;NULL;NULL;NULL;NULL
4;\i2b2\Demographics\Age\>= 85 years old\110\; 110 years old;N;LA ;NULL;DEM|AGE:110;NULL;patient_num;patient_dimension;birth_date;N;BETWEEN;(CURRENT_DATE - INTERVAL '40543.75 day') AND (CURRENT_DATE - INTERVAL '40178.5 day');NULL;Demographics \ Age \ >= 85 years old \ 110 years old;@;2007-04-10 00:00:00;2007-04-10 00:00:00;2007-04-10 00:00:00;NULL;NULL;NULL;NULL
4;\i2b2\Demographics\Age\>= 85 years old\111\; 111 years old;N;LA ;NULL;DEM|AGE:111;NULL;patient_num;patient_dimension;birth_date;N;BETWEEN;(CURRENT_DATE - INTERVAL '40909 day') AND (CURRENT_DATE - INTERVAL '40543.75 day');NULL;Demographics \ Age \ >= 85 years old \ 111 years old;@;2007-04-10 00:00:00;2007-04-10 00:00:00;2007-04-10 00:00:00;NULL;NULL;NULL;NULL
4;\i2b2\Demographics\Age\>= 85 years old\112\; 112 years old;N;LA ;NULL;DEM|AGE:112;NULL;patient_num;patient_dimension;birth_date;N;BETWEEN;(CURRENT_DATE - INTERVAL '41274.25 day') AND (CURRENT_DATE - INTERVAL '40909 day');NULL;Demographics \ Age \ >= 85 years old \ 112 years old;@;2007-04-10 00:00:00;2007-04-10 00:00:00;2007-04-10 00:00:00;NULL;NULL;NULL;NULL
4;\i2b2\Demographics\Age\>= 85 years old\113\; 113 years old;N;LA ;NULL;DEM|AGE:113;NULL;patient_num;patient_dimension;birth_date;N;BETWEEN;(CURRENT_DATE - INTERVAL '41639.5 day') AND (CURRENT_DATE - INTERVAL '41274.25 day');NULL;Demographics \ Age \ >= 85 years old \ 113 years old;@;2007-04-10 00:00:00;2007-04-10 00:00:00;2007-04-10 00:00:00;NULL;NULL;NULL;NULL
4;\i2b2\Demographics\Age\>= 85 years old\114\; 114 years old;N;LA ;NULL;DEM|AGE:114;NULL;patient_num;patient_dimension;birth_date;N;BETWEEN;(CURRENT_DATE - INTERVAL '42004.75 day') AND (CURRENT_DATE - INTERVAL '41639.5 day');NULL;Demographics \ Age \ >= 85 years old \ 114 years old;@;2007-04-10 00:00:00;2007-04-10 00:00:00;2007-04-10 00:00:00;NULL;NULL;NULL;NULL
4;\i2b2\Demographics\Age\>= 85 years old\115\; 115 years old;N;LA ;NULL;DEM|AGE:115;NULL;patient_num;patient_dimension;birth_date;N;BETWEEN;(CURRENT_DATE - INTERVAL '42370 day') AND (CURRENT_DATE - INTERVAL '42004.75 day');NULL;Demographics \ Age \ >= 85 years old \ 115 years old;@;2007-04-10 00:00:00;2007-04-10 00:00:00;2007-04-10 00:00:00;NULL;NULL;NULL;NULL
4;\i2b2\Demographics\Age\>= 85 years old\116\; 116 years old;N;LA ;NULL;DEM|AGE:116;NULL;patient_num;patient_dimension;birth_date;N;BETWEEN;(CURRENT_DATE - INTERVAL '42735.25 day') AND (CURRENT_DATE - INTERVAL '42370 day');NULL;Demographics \ Age \ >= 85 years old \ 116 years old;@;2007-04-10 00:00:00;2007-04-10 00:00:00;2007-04-10 00:00:00;NULL;NULL;NULL;NULL
4;\i2b2\Demographics\Age\>= 85 years old\117\; 117 years old;N;LA ;NULL;DEM|AGE:117;NULL;patient_num;patient_dimension;birth_date;N;BETWEEN;(CURRENT_DATE - INTERVAL '43100.5 day') AND (CURRENT_DATE - INTERVAL '42735.25 day');NULL;Demographics \ Age \ >= 85 years old \ 117 years old;@;2007-04-10 00:00:00;2007-04-10 00:00:00;2007-04-10 00:00:00;NULL;NULL;NULL;NULL
4;\i2b2\Demographics\Age\>= 85 years old\118\; 118 years old;N;LA ;NULL;DEM|AGE:118;NULL;patient_num;patient_dimension;birth_date;N;BETWEEN;(CURRENT_DATE - INTERVAL '43465.75 day') AND (CURRENT_DATE - INTERVAL '43100.5 day');NULL;Demographics \ Age \ >= 85 years old \ 118 years old;@;2007-04-10 00:00:00;2007-04-10 00:00:00;2007-04-10 00:00:00;NULL;NULL;NULL;NULL
4;\i2b2\Demographics\Age\>= 85 years old\119\; 119 years old;N;LA ;NULL;DEM|AGE:119;NULL;patient_num;patient_dimension;birth_date;N;BETWEEN;(CURRENT_DATE - INTERVAL '43831 day') AND (CURRENT_DATE - INTERVAL '43465.75 day');NULL;Demographics \ Age \ >= 85 years old \ 119 years old;@;2007-04-10 00:00:00;2007-04-10 00:00:00;2007-04-10 00:00:00;NULL;NULL;NULL;NULL
4;\i2b2\Demographics\Age\>= 85 years old\120\; 120 years old;N;LA ;NULL;DEM|AGE:120;NULL;patient_num;patient_dimension;birth_date;N;BETWEEN;(CURRENT_DATE - INTERVAL '44196.25 day') AND (CURRENT_DATE - INTERVAL '43831 day');NULL;Demographics \ Age \ >= 85 years old \ 120 years old;@;2007-04-10 00:00:00;2007-04-10 00:00:00;2007-04-10 00:00:00;NULL;NULL;NULL;NULL
4;\i2b2\Demographics\Age\>= 85 years old\85\;  85 years old;N;LA ;NULL;DEM|AGE:85;NULL;patient_num;patient_dimension;birth_date;N;BETWEEN;(CURRENT_DATE - INTERVAL '31412.5 day') AND (CURRENT_DATE - INTERVAL '31047.25 day');NULL;Demographics \ Age \ >= 85 years old \ 85 years old;@;2007-04-10 00:00:00;2007-04-10 00:00:00;2007-04-10 00:00:00;NULL;NULL;NULL;NULL
4;\i2b2\Demographics\Age\>= 85 years old\86\;  86 years old;N;LA ;NULL;DEM|AGE:86;NULL;patient_num;patient_dimension;birth_date;N;BETWEEN;(CURRENT_DATE - INTERVAL '31777.75 day') AND (CURRENT_DATE - INTERVAL '31412.5 day');NULL;Demographics \ Age \ >= 85 years old \ 86 years old;@;2007-04-10 00:00:00;2007-04-10 00:00:00;2007-04-10 00:00:00;NULL;NULL;NULL;NULL
4;\i2b2\Demographics\Age\>= 85 years old\87\;  87 years old;N;LA ;NULL;DEM|AGE:87;NULL;patient_num;patient_dimension;birth_date;N;BETWEEN;(CURRENT_DATE - INTERVAL '32143 day') AND (CURRENT_DATE - INTERVAL '31777.75 day');NULL;Demographics \ Age \ >= 85 years old \ 87 years old;@;2007-04-10 00:00:00;2007-04-10 00:00:00;2007-04-10 00:00:00;NULL;NULL;NULL;NULL
4;\i2b2\Demographics\Age\>= 85 years old\88\;  88 years old;N;LA ;NULL;DEM|AGE:88;NULL;patient_num;patient_dimension;birth_date;N;BETWEEN;(CURRENT_DATE - INTERVAL '32508.25 day') AND (CURRENT_DATE - INTERVAL '32143 day');NULL;Demographics \ Age \ >= 85 years old \ 88 years old;@;2007-04-10 00:00:00;2007-04-10 00:00:00;2007-04-10 00:00:00;NULL;NULL;NULL;NULL
4;\i2b2\Demographics\Age\>= 85 years old\89\;  89 years old;N;LA ;NULL;DEM|AGE:89;NULL;patient_num;patient_dimension;birth_date;N;BETWEEN;(CURRENT_DATE - INTERVAL '32873.5 day') AND (CURRENT_DATE - INTERVAL '32508.25 day');NULL;Demographics \ Age \ >= 85 years old \ 89 years old;@;2007-04-10 00:00:00;2007-04-10 00:00:00;2007-04-10 00:00:00;NULL;NULL;NULL;NULL
4;\i2b2\Demographics\Age\>= 85 years old\90\;  90 years old;N;LA ;NULL;DEM|AGE:90;NULL;patient_num;patient_dimension;birth_date;N;BETWEEN;(CURRENT_DATE - INTERVAL '33238.75 day') AND (CURRENT_DATE - INTERVAL '32873.5 day');NULL;Demographics \ Age \ >= 85 years old \ 90 years old;@;2007-04-10 00:00:00;2007-04-10 00:00:00;2007-04-10 00:00:00;NULL;NULL;NULL;NULL
4;\i2b2\Demographics\Age\>= 85 years old\91\;  91 years old;N;LA ;NULL;DEM|AGE:91;NULL;patient_num;patient_dimension;birth_date;N;BETWEEN;(CURRENT_DATE - INTERVAL '33604 day') AND (CURRENT_DATE - INTERVAL '33238.75 day');NULL;Demographics \ Age \ >= 85 years old \ 91 years old;@;2007-04-10 00:00:00;2007-04-10 00:00:00;2007-04-10 00:00:00;NULL;NULL;NULL;NULL
4;\i2b2\Demographics\Age\>= 85 years old\92\;  92 years old;N;LA ;NULL;DEM|AGE:92;NULL;patient_num;patient_dimension;birth_date;N;BETWEEN;(CURRENT_DATE - INTERVAL '33969.25 day') AND (CURRENT_DATE - INTERVAL '33604 day');NULL;Demographics \ Age \ >= 85 years old \ 92 years old;@;2007-04-10 00:00:00;2007-04-10 00:00:00;2007-04-10 00:00:00;NULL;NULL;NULL;NULL
4;\i2b2\Demographics\Age\>= 85 years old\93\;  93 years old;N;LA ;NULL;DEM|AGE:93;NULL;patient_num;patient_dimension;birth_date;N;BETWEEN;(CURRENT_DATE - INTERVAL '34334.5 day') AND (CURRENT_DATE - INTERVAL '33969.25 day');NULL;Demographics \ Age \ >= 85 years old \ 93 years old;@;2007-04-10 00:00:00;2007-04-10 00:00:00;2007-04-10 00:00:00;NULL;NULL;NULL;NULL
4;\i2b2\Demographics\Age\>= 85 years old\94\;  94 years old;N;LA ;NULL;DEM|AGE:94;NULL;patient_num;patient_dimension;birth_date;N;BETWEEN;(CURRENT_DATE - INTERVAL '34699.75 day') AND (CURRENT_DATE - INTERVAL '34334.5 day');NULL;Demographics \ Age \ >= 85 years old \ 94 years old;@;2007-04-10 00:00:00;2007-04-10 00:00:00;2007-04-10 00:00:00;NULL;NULL;NULL;NULL
4;\i2b2\Demographics\Age\>= 85 years old\95\;  95 years old;N;LA ;NULL;DEM|AGE:95;NULL;patient_num;patient_dimension;birth_date;N;BETWEEN;(CURRENT_DATE - INTERVAL '35065 day') AND (CURRENT_DATE - INTERVAL '34699.75 day');NULL;Demographics \ Age \ >= 85 years old \ 95 years old;@;2007-04-10 00:00:00;2007-04-10 00:00:00;2007-04-10 00:00:00;NULL;NULL;NULL;NULL
4;\i2b2\Demographics\Age\>= 85 years old\96\;  96 years old;N;LA ;NULL;DEM|AGE:96;NULL;patient_num;patient_dimension;birth_date;N;BETWEEN;(CURRENT_DATE - INTERVAL '35430.25 day') AND (CURRENT_DATE - INTERVAL '35065 day');NULL;Demographics \ Age \ >= 85 years old \ 96 years old;@;2007-04-10 00:00:00;2007-04-10 00:00:00;2007-04-10 00:00:00;NULL;NULL;NULL;NULL
4;\i2b2\Demographics\Age\>= 85 years old\97\;  97 years old;N;LA ;NULL;DEM|AGE:97;NULL;patient_num;patient_dimension;birth_date;N;BETWEEN;(CURRENT_DATE - INTERVAL '35795.5 day') AND (CURRENT_DATE - INTERVAL '35430.25 day');NULL;Demographics \ Age \ >= 85 years old \ 97 years old;@;2007-04-10 00:00:00;2007-04-10 00:00:00;2007-04-10 00:00:00;NULL;NULL;NULL;NULL
4;\i2b2\Demographics\Age\>= 85 years old\98\;  98 years old;N;LA ;NULL;DEM|AGE:98;NULL;patient_num;patient_dimension;birth_date;N;BETWEEN;(CURRENT_DATE - INTERVAL '36160.75 day') AND (CURRENT_DATE - INTERVAL '35795.5 day');NULL;Demographics \ Age \ >= 85 years old \ 98 years old;@;2007-04-10 00:00:00;2007-04-10 00:00:00;2007-04-10 00:00:00;NULL;NULL;NULL;NULL
4;\i2b2\Demographics\Age\>= 85 years old\99\;  99 years old;N;LA ;NULL;DEM|AGE:99;NULL;patient_num;patient_dimension;birth_date;N;BETWEEN;(CURRENT_DATE - INTERVAL '36526 day') AND (CURRENT_DATE - INTERVAL '36160.75 day');NULL;Demographics \ Age \ >= 85 years old \ 99 years old;@;2007-04-10 00:00:00;2007-04-10 00:00:00;2007-04-10 00:00:00;NULL;NULL;NULL;NULL
3;\i2b2\Demographics\Age\0-9 years old\;  0-9 years old;N;FA ;NULL;NULL;NULL;patient_num;patient_dimension;birth_date;N;>;(CURRENT_DATE - INTERVAL '3653.5 day');NULL;Demographics \ Age \ 0-9 years old;@;2010-08-18 10:59:52;2010-07-14 09:58:40;2010-07-14 09:58:40;NULL;NULL;NULL;NULL
4;\i2b2\Demographics\Age\0-9 years old\0 years old\;0 years old;N;LA ;NULL;DEM|AGE:0;NULL;patient_num;patient_dimension;birth_date;N;>;(CURRENT_DATE - INTERVAL '366.25 day');NULL;Demographics \ Age \ 0-9 years old \ 0 years old;@;2010-08-18 10:59:52;2010-07-14 09:58:40;2010-07-14 09:58:40;NULL;NULL;NULL;NULL
4;\i2b2\Demographics\Age\0-9 years old\1 year old\;1 year old;N;LA ;NULL;DEM|AGE:1;NULL;patient_num;patient_dimension;birth_date;N;BETWEEN;(CURRENT_DATE - INTERVAL '731.5 day') AND (CURRENT_DATE - INTERVAL '366.25 day');NULL;Demographics \ Age \ 0-9 years old \ 1 year old;@;2010-08-18 10:59:52;2010-07-14 09:58:40;2010-07-14 09:58:40;NULL;NULL;NULL;NULL
4;\i2b2\Demographics\Age\0-9 years old\2 years old\;2 years old;N;LA ;NULL;DEM|AGE:2;NULL;patient_num;patient_dimension;birth_date;N;BETWEEN;(CURRENT_DATE - INTERVAL '1096.75 day') AND (CURRENT_DATE - INTERVAL '731.5 day');NULL;Demographics \ Age \ 0-9 years old \ 2 years old;@;2010-08-18 10:59:52;2010-07-14 09:58:40;2010-07-14 09:58:40;NULL;NULL;NULL;NULL
4;\i2b2\Demographics\Age\0-9 years old\3 years old\;3 years old;N;LA ;NULL;DEM|AGE:3;NULL;patient_num;patient_dimension;birth_date;N;BETWEEN;(CURRENT_DATE - INTERVAL '1462 day') AND (CURRENT_DATE - INTERVAL '1096.75 day');NULL;Demographics \ Age \ 0-9 years old \ 3 years old;@;2010-08-18 10:59:52;2010-07-14 09:58:40;2010-07-14 09:58:40;NULL;NULL;NULL;NULL
4;\i2b2\Demographics\Age\0-9 years old\4 years old\;4 years old;N;LA ;NULL;DEM|AGE:4;NULL;patient_num;patient_dimension;birth_date;N;BETWEEN;(CURRENT_DATE - INTERVAL '1827.25 day') AND (CURRENT_DATE - INTERVAL '1462 day');NULL;Demographics \ Age \ 0-9 years old \ 4 years old;@;2010-08-18 10:59:52;2010-07-14 09:58:40;2010-07-14 09:58:40;NULL;NULL;NULL;NULL
4;\i2b2\Demographics\Age\0-9 years old\5 years old\;5 years old;N;LA ;NULL;DEM|AGE:5;NULL;patient_num;patient_dimension;birth_date;N;BETWEEN;(CURRENT_DATE - INTERVAL '2192.5 day') AND (CURRENT_DATE - INTERVAL '1827.25 day');NULL;Demographics \ Age \ 0-9 years old \ 5 years old;@;2010-08-18 10:59:52;2010-07-14 09:58:40;2010-07-14 09:58:40;NULL;NULL;NULL;NULL
4;\i2b2\Demographics\Age\0-9 years old\6 years old\;6 years old;N;LA ;NULL;DEM|AGE:6;NULL;patient_num;patient_dimension;birth_date;N;BETWEEN;(CURRENT_DATE - INTERVAL '2557.75 day') AND (CURRENT_DATE - INTERVAL '2192.5 day');NULL;Demographics \ Age \ 0-9 years old \ 6 years old;@;2010-08-18 10:59:52;2010-07-14 09:58:40;2010-07-14 09:58:40;NULL;NULL;NULL;NULL
4;\i2b2\Demographics\Age\0-9 years old\7 years old\;7 years old;N;LA ;NULL;DEM|AGE:7;NULL;patient_num;patient_dimension;birth_date;N;BETWEEN;(CURRENT_DATE - INTERVAL '2923 day') AND (CURRENT_DATE - INTERVAL '2557.75 day');NULL;Demographics \ Age \ 0-9 years old \ 7 years old;@;2010-08-18 10:59:52;2010-07-14 09:58:40;2010-07-14 09:58:40;NULL;NULL;NULL;NULL
4;\i2b2\Demographics\Age\0-9 years old\8 years old\;8 years old;N;LA ;NULL;DEM|AGE:8;NULL;patient_num;patient_dimension;birth_date;N;BETWEEN;(CURRENT_DATE - INTERVAL '3288.25 day') AND (CURRENT_DATE - INTERVAL '2923 day');NULL;Demographics \ Age \ 0-9 years old \ 8 years old;@;2010-08-18 10:59:52;2010-07-14 09:58:40;2010-07-14 09:58:40;NULL;NULL;NULL;NULL
4;\i2b2\Demographics\Age\0-9 years old\9 years old\;9 years old;N;LA ;NULL;DEM|AGE:9;NULL;patient_num;patient_dimension;birth_date;N;BETWEEN;(CURRENT_DATE - INTERVAL '3653.5 day') AND (CURRENT_DATE - INTERVAL '3288.25 day');NULL;Demographics \ Age \ 0-9 years old \ 9 years old;@;2010-08-18 10:59:52;2010-07-14 09:58:40;2010-07-14 09:58:40;NULL;NULL;NULL;NULL
3;\i2b2\Demographics\Age\10-17 years old\;  10-17 years old;N;FA ;NULL;NULL;NULL;patient_num;patient_dimension;birth_date;N;BETWEEN;(CURRENT_DATE - INTERVAL '6575.5 day') AND (CURRENT_DATE - INTERVAL '3653.5 day');NULL;Demographics \ Age \ 10-17 years old;@;2010-08-18 10:59:52;2010-07-14 09:58:40;2010-07-14 09:58:40;NULL;NULL;NULL;NULL
4;\i2b2\Demographics\Age\10-17 years old\10 years old\;10 years old;N;LA ;NULL;DEM|AGE:10;NULL;patient_num;patient_dimension;birth_date;N;BETWEEN;(CURRENT_DATE - INTERVAL '4018.75 day') AND (CURRENT_DATE - INTERVAL '3653.5 day');NULL;Demographics \ Age \ 10-17 years old \ 10 years old;@;2010-08-18 10:59:52;2010-07-14 09:58:40;2010-07-14 09:58:40;NULL;NULL;NULL;NULL
4;\i2b2\Demographics\Age\10-17 years old\11 years old\;11 years old;N;LA ;NULL;DEM|AGE:11;NULL;patient_num;patient_dimension;birth_date;N;BETWEEN;(CURRENT_DATE - INTERVAL '4384 day') AND (CURRENT_DATE - INTERVAL '4018.75 day');NULL;Demographics \ Age \ 10-17 years old \ 11 years old;@;2010-08-18 10:59:52;2010-07-14 09:58:40;2010-07-14 09:58:40;NULL;NULL;NULL;NULL
4;\i2b2\Demographics\Age\10-17 years old\12 years old\;12 years old;N;LA ;NULL;DEM|AGE:12;NULL;patient_num;patient_dimension;birth_date;N;BETWEEN;(CURRENT_DATE - INTERVAL '4749.25 day') AND (CURRENT_DATE - INTERVAL '4384 day');NULL;Demographics \ Age \ 10-17 years old \ 12 years old;@;2010-08-18 10:59:52;2010-07-14 09:58:40;2010-07-14 09:58:40;NULL;NULL;NULL;NULL
4;\i2b2\Demographics\Age\10-17 years old\13 years old\;13 years old;N;LA ;NULL;DEM|AGE:13;NULL;patient_num;patient_dimension;birth_date;N;BETWEEN;(CURRENT_DATE - INTERVAL '5114.5 day') AND (CURRENT_DATE - INTERVAL '4749.25 day');NULL;Demographics \ Age \ 10-17 years old \ 13 years old;@;2010-08-18 10:59:52;2010-07-14 09:58:40;2010-07-14 09:58:40;NULL;NULL;NULL;NULL
4;\i2b2\Demographics\Age\10-17 years old\14 years old\;14 years old;N;LA ;NULL;DEM|AGE:14;NULL;patient_num;patient_dimension;birth_date;N;BETWEEN;(CURRENT_DATE - INTERVAL '5479.75 day') AND (CURRENT_DATE - INTERVAL '5114.5 day');NULL;Demographics \ Age \ 10-17 years old \ 14 years old;@;2010-08-18 10:59:52;2010-07-14 09:58:40;2010-07-14 09:58:40;NULL;NULL;NULL;NULL
4;\i2b2\Demographics\Age\10-17 years old\15 years old\;15 years old;N;LA ;NULL;DEM|AGE:15;NULL;patient_num;patient_dimension;birth_date;N;BETWEEN;(CURRENT_DATE - INTERVAL '5845 day') AND (CURRENT_DATE - INTERVAL '5479.75 day');NULL;Demographics \ Age \ 10-17 years old \ 15 years old;@;2010-08-18 10:59:52;2010-07-14 09:58:40;2010-07-14 09:58:40;NULL;NULL;NULL;NULL
4;\i2b2\Demographics\Age\10-17 years old\16 years old\;16 years old;N;LA ;NULL;DEM|AGE:16;NULL;patient_num;patient_dimension;birth_date;N;BETWEEN;(CURRENT_DATE - INTERVAL '6210.25 day') AND (CURRENT_DATE - INTERVAL '5845 day');NULL;Demographics \ Age \ 10-17 years old \ 16 years old;@;2010-08-18 10:59:52;2010-07-14 09:58:40;2010-07-14 09:58:40;NULL;NULL;NULL;NULL
4;\i2b2\Demographics\Age\10-17 years old\17 years old\;17 years old;N;LA ;NULL;DEM|AGE:17;NULL;patient_num;patient_dimension;birth_date;N;BETWEEN;(CURRENT_DATE - INTERVAL '6575.5 day') AND (CURRENT_DATE - INTERVAL '6210.25 day');NULL;Demographics \ Age \ 10-17 years old \ 17 years old;@;2010-08-18 10:59:52;2010-07-14 09:58:40;2010-07-14 09:58:40;NULL;NULL;NULL;NULL
3;\i2b2\Demographics\Age\18-34 years old\;  18-34 years old;N;FA ;NULL;NULL;NULL;patient_num;patient_dimension;birth_date;N;BETWEEN;(CURRENT_DATE - INTERVAL '12784.75 day') AND (CURRENT_DATE - INTERVAL '6575.5 day');NULL;Demographics \ Age \ 18-34 years old;@;2010-08-18 10:59:52;2010-07-14 09:58:40;2010-07-14 09:58:40;NULL;NULL;NULL;NULL
4;\i2b2\Demographics\Age\18-34 years old\18 years old\;18 years old;N;LA ;NULL;DEM|AGE:18;NULL;patient_num;patient_dimension;birth_date;N;BETWEEN;(CURRENT_DATE - INTERVAL '6940.75 day') AND (CURRENT_DATE - INTERVAL '6575.50 day');NULL;Demographics \ Age \ 18-34 years old \ 18 years old;@;2010-08-18 10:59:52;2010-07-14 09:58:40;2010-07-14 09:58:40;NULL;NULL;NULL;NULL
4;\i2b2\Demographics\Age\18-34 years old\19 years old\;19 years old;N;LA ;NULL;DEM|AGE:19;NULL;patient_num;patient_dimension;birth_date;N;BETWEEN;(CURRENT_DATE - INTERVAL '7306 day') AND (CURRENT_DATE - INTERVAL '6940.75 day');NULL;Demographics \ Age \ 18-34 years old \ 19 years old;@;2010-08-18 10:59:52;2010-07-14 09:58:40;2010-07-14 09:58:40;NULL;NULL;NULL;NULL
4;\i2b2\Demographics\Age\18-34 years old\20 years old\;20 years old;N;LA ;NULL;DEM|AGE:20;NULL;patient_num;patient_dimension;birth_date;N;BETWEEN;(CURRENT_DATE - INTERVAL '7671.25 day') AND (CURRENT_DATE - INTERVAL '7306 day');NULL;Demographics \ Age \ 18-34 years old \ 20 years old;@;2010-08-18 10:59:52;2010-07-14 09:58:40;2010-07-14 09:58:40;NULL;NULL;NULL;NULL
4;\i2b2\Demographics\Age\18-34 years old\21 years old\;21 years old;N;LA ;NULL;DEM|AGE:21;NULL;patient_num;patient_dimension;birth_date;N;BETWEEN;(CURRENT_DATE - INTERVAL '8036.5 day') AND (CURRENT_DATE - INTERVAL '7671.25 day');NULL;Demographics \ Age \ 18-34 years old \ 21 years old;@;2010-08-18 10:59:52;2010-07-14 09:58:40;2010-07-14 09:58:40;NULL;NULL;NULL;NULL
4;\i2b2\Demographics\Age\18-34 years old\22 years old\;22 years old;N;LA ;NULL;DEM|AGE:22;NULL;patient_num;patient_dimension;birth_date;N;BETWEEN;(CURRENT_DATE - INTERVAL '8401.75 day') AND (CURRENT_DATE - INTERVAL '8036.5 day');NULL;Demographics \ Age \ 18-34 years old \ 22 years old;@;2010-08-18 10:59:52;2010-07-14 09:58:40;2010-07-14 09:58:40;NULL;NULL;NULL;NULL
4;\i2b2\Demographics\Age\18-34 years old\23 years old\;23 years old;N;LA ;NULL;DEM|AGE:23;NULL;patient_num;patient_dimension;birth_date;N;BETWEEN;(CURRENT_DATE - INTERVAL '8767 day') AND (CURRENT_DATE - INTERVAL '8401.75 day');NULL;Demographics \ Age \ 18-34 years old \ 23 years old;@;2010-08-18 10:59:52;2010-07-14 09:58:40;2010-07-14 09:58:40;NULL;NULL;NULL;NULL
4;\i2b2\Demographics\Age\18-34 years old\24 years old\;24 years old;N;LA ;NULL;DEM|AGE:24;NULL;patient_num;patient_dimension;birth_date;N;BETWEEN;(CURRENT_DATE - INTERVAL '9132.25 day') AND (CURRENT_DATE - INTERVAL '8767 day');NULL;Demographics \ Age \ 18-34 years old \ 24 years old;@;2010-08-18 10:59:52;2010-07-14 09:58:40;2010-07-14 09:58:40;NULL;NULL;NULL;NULL
4;\i2b2\Demographics\Age\18-34 years old\25 years old\;25 years old;N;LA ;NULL;DEM|AGE:25;NULL;patient_num;patient_dimension;birth_date;N;BETWEEN;(CURRENT_DATE - INTERVAL '9497.5 day') AND (CURRENT_DATE - INTERVAL '9132.25 day');NULL;Demographics \ Age \ 18-34 years old \ 25 years old;@;2010-08-18 10:59:52;2010-07-14 09:58:40;2010-07-14 09:58:40;NULL;NULL;NULL;NULL
4;\i2b2\Demographics\Age\18-34 years old\26 years old\;26 years old;N;LA ;NULL;DEM|AGE:26;NULL;patient_num;patient_dimension;birth_date;N;BETWEEN;(CURRENT_DATE - INTERVAL '9862.75 day') AND (CURRENT_DATE - INTERVAL '9497.5 day');NULL;Demographics \ Age \ 18-34 years old \ 26 years old;@;2010-08-18 10:59:52;2010-07-14 09:58:40;2010-07-14 09:58:40;NULL;NULL;NULL;NULL
4;\i2b2\Demographics\Age\18-34 years old\27 years old\;27 years old;N;LA ;NULL;DEM|AGE:27;NULL;patient_num;patient_dimension;birth_date;N;BETWEEN;(CURRENT_DATE - INTERVAL '10228 day') AND (CURRENT_DATE - INTERVAL '9862.75 day');NULL;Demographics \ Age \ 18-34 years old \ 27 years old;@;2010-08-18 10:59:52;2010-07-14 09:58:40;2010-07-14 09:58:40;NULL;NULL;NULL;NULL
4;\i2b2\Demographics\Age\18-34 years old\28 years old\;28 years old;N;LA ;NULL;DEM|AGE:28;NULL;patient_num;patient_dimension;birth_date;N;BETWEEN;(CURRENT_DATE - INTERVAL '10593.25 day') AND (CURRENT_DATE - INTERVAL '10228 day');NULL;Demographics \ Age \ 18-34 years old \ 28 years old;@;2010-08-18 10:59:52;2010-07-14 09:58:40;2010-07-14 09:58:40;NULL;NULL;NULL;NULL
4;\i2b2\Demographics\Age\18-34 years old\29 years old\;29 years old;N;LA ;NULL;DEM|AGE:29;NULL;patient_num;patient_dimension;birth_date;N;BETWEEN;(CURRENT_DATE - INTERVAL '10958.5 day') AND (CURRENT_DATE - INTERVAL '10593.25 day');NULL;Demographics \ Age \ 18-34 years old \ 29 years old;@;2010-08-18 10:59:52;2010-07-14 09:58:40;2010-07-14 09:58:40;NULL;NULL;NULL;NULL
4;\i2b2\Demographics\Age\18-34 years old\30 years old\;30 years old;N;LA ;NULL;DEM|AGE:30;NULL;patient_num;patient_dimension;birth_date;N;BETWEEN;(CURRENT_DATE - INTERVAL '11323.75 day') AND (CURRENT_DATE - INTERVAL '10958.5 day');NULL;Demographics \ Age \ 18-34 years old \ 30 years old;@;2010-08-18 10:59:52;2010-07-14 09:58:40;2010-07-14 09:58:40;NULL;NULL;NULL;NULL
4;\i2b2\Demographics\Age\18-34 years old\31 years old\;31 years old;N;LA ;NULL;DEM|AGE:31;NULL;patient_num;patient_dimension;birth_date;N;BETWEEN;(CURRENT_DATE - INTERVAL '11689 day') AND (CURRENT_DATE - INTERVAL '11323.75 day');NULL;Demographics \ Age \ 18-34 years old \ 31 years old;@;2010-08-18 10:59:52;2010-07-14 09:58:40;2010-07-14 09:58:40;NULL;NULL;NULL;NULL
4;\i2b2\Demographics\Age\18-34 years old\32 years old\;32 years old;N;LA ;NULL;DEM|AGE:32;NULL;patient_num;patient_dimension;birth_date;N;BETWEEN;(CURRENT_DATE - INTERVAL '12054.25 day') AND (CURRENT_DATE - INTERVAL '11689 day');NULL;Demographics \ Age \ 18-34 years old \ 32 years old;@;2010-08-18 10:59:52;2010-07-14 09:58:40;2010-07-14 09:58:40;NULL;NULL;NULL;NULL
4;\i2b2\Demographics\Age\18-34 years old\33 years old\;33 years old;N;LA ;NULL;DEM|AGE:33;NULL;patient_num;patient_dimension;birth_date;N;BETWEEN;(CURRENT_DATE - INTERVAL '12419.5 day') AND (CURRENT_DATE - INTERVAL '12054.25 day');NULL;Demographics \ Age \ 18-34 years old \ 33 years old;@;2010-08-18 10:59:52;2010-07-14 09:58:40;2010-07-14 09:58:40;NULL;NULL;NULL;NULL
4;\i2b2\Demographics\Age\18-34 years old\34 years old\;34 years old;N;LA ;NULL;DEM|AGE:34;NULL;patient_num;patient_dimension;birth_date;N;BETWEEN;(CURRENT_DATE - INTERVAL '12784.75 day') AND (CURRENT_DATE - INTERVAL '12419.5 day');NULL;Demographics \ Age \ 18-34 years old \ 34 years old;@;2010-08-18 10:59:52;2010-07-14 09:58:40;2010-07-14 09:58:40;NULL;NULL;NULL;NULL
3;\i2b2\Demographics\Age\35-44 years old\;  35-44 years old;N;FA ;NULL;NULL;NULL;patient_num;patient_dimension;birth_date;N;BETWEEN;(CURRENT_DATE - INTERVAL '16437.25 day') AND (CURRENT_DATE - INTERVAL '12784.75 day');NULL;Demographics \ Age \ 35-44 years old;@;2010-08-18 10:59:52;2010-07-14 09:58:40;2010-07-14 09:58:40;NULL;NULL;NULL;NULL
4;\i2b2\Demographics\Age\35-44 years old\35 years old\;35 years old;N;LA ;NULL;DEM|AGE:35;NULL;patient_num;patient_dimension;birth_date;N;BETWEEN;(CURRENT_DATE - INTERVAL '13150 day') AND (CURRENT_DATE - INTERVAL '12784.75 day');NULL;Demographics \ Age \ 35-44 years old \ 35 years old;@;2010-08-18 10:59:52;2010-07-14 09:58:40;2010-07-14 09:58:40;NULL;NULL;NULL;NULL
4;\i2b2\Demographics\Age\35-44 years old\36 years old\;36 years old;N;LA ;NULL;DEM|AGE:36;NULL;patient_num;patient_dimension;birth_date;N;BETWEEN;(CURRENT_DATE - INTERVAL '13515.25 day') AND (CURRENT_DATE - INTERVAL '13150 day');NULL;Demographics \ Age \ 35-44 years old \ 36 years old;@;2010-08-18 10:59:52;2010-07-14 09:58:40;2010-07-14 09:58:40;NULL;NULL;NULL;NULL
4;\i2b2\Demographics\Age\35-44 years old\37 years old\;37 years old;N;LA ;NULL;DEM|AGE:37;NULL;patient_num;patient_dimension;birth_date;N;BETWEEN;(CURRENT_DATE - INTERVAL '13880.5 day') AND (CURRENT_DATE - INTERVAL '13515.25 day');NULL;Demographics \ Age \ 35-44 years old \ 37 years old;@;2010-08-18 10:59:52;2010-07-14 09:58:40;2010-07-14 09:58:40;NULL;NULL;NULL;NULL
4;\i2b2\Demographics\Age\35-44 years old\38 years old\;38 years old;N;LA ;NULL;DEM|AGE:38;NULL;patient_num;patient_dimension;birth_date;N;BETWEEN;(CURRENT_DATE - INTERVAL '14245.75 day') AND (CURRENT_DATE - INTERVAL '13880.50 day');NULL;Demographics \ Age \ 35-44 years old \ 38 years old;@;2010-08-18 10:59:52;2010-07-14 09:58:40;2010-07-14 09:58:40;NULL;NULL;NULL;NULL
4;\i2b2\Demographics\Age\35-44 years old\39 years old\;39 years old;N;LA ;NULL;DEM|AGE:39;NULL;patient_num;patient_dimension;birth_date;N;BETWEEN;(CURRENT_DATE - INTERVAL '14611 day') AND (CURRENT_DATE - INTERVAL '14245.75 day');NULL;Demographics \ Age \ 35-44 years old \ 39 years old;@;2010-08-18 10:59:52;2010-07-14 09:58:40;2010-07-14 09:58:40;NULL;NULL;NULL;NULL
4;\i2b2\Demographics\Age\35-44 years old\40 years old\;40 years old;N;LA ;NULL;DEM|AGE:40;NULL;patient_num;patient_dimension;birth_date;N;BETWEEN;(CURRENT_DATE - INTERVAL '14976.25 day') AND (CURRENT_DATE - INTERVAL '14611 day');NULL;Demographics \ Age \ 35-44 years old \ 40 years old;@;2010-08-18 10:59:52;2010-07-14 09:58:40;2010-07-14 09:58:40;NULL;NULL;NULL;NULL
4;\i2b2\Demographics\Age\35-44 years old\41 years old\;41 years old;N;LA ;NULL;DEM|AGE:41;NULL;patient_num;patient_dimension;birth_date;N;BETWEEN;(CURRENT_DATE - INTERVAL '15341.5 day') AND (CURRENT_DATE - INTERVAL '14976.25 day');NULL;Demographics \ Age \ 35-44 years old \ 41 years old;@;2010-08-18 10:59:52;2010-07-14 09:58:40;2010-07-14 09:58:40;NULL;NULL;NULL;NULL
4;\i2b2\Demographics\Age\35-44 years old\42 years old\;42 years old;N;LA ;NULL;DEM|AGE:42;NULL;patient_num;patient_dimension;birth_date;N;BETWEEN;(CURRENT_DATE - INTERVAL '15706.75 day') AND (CURRENT_DATE - INTERVAL '15341.5 day');NULL;Demographics \ Age \ 35-44 years old \ 42 years old;@;2010-08-18 10:59:52;2010-07-14 09:58:40;2010-07-14 09:58:40;NULL;NULL;NULL;NULL
4;\i2b2\Demographics\Age\35-44 years old\43 years old\;43 years old;N;LA ;NULL;DEM|AGE:43;NULL;patient_num;patient_dimension;birth_date;N;BETWEEN;(CURRENT_DATE - INTERVAL '16072 day') AND (CURRENT_DATE - INTERVAL '15706.75 day');NULL;Demographics \ Age \ 35-44 years old \ 43 years old;@;2010-08-18 10:59:52;2010-07-14 09:58:40;2010-07-14 09:58:40;NULL;NULL;NULL;NULL
4;\i2b2\Demographics\Age\35-44 years old\44 years old\;44 years old;N;LA ;NULL;DEM|AGE:44;NULL;patient_num;patient_dimension;birth_date;N;BETWEEN;(CURRENT_DATE - INTERVAL '16437.25 day') AND (CURRENT_DATE - INTERVAL '16072 day');NULL;Demographics \ Age \ 35-44 years old \ 44 years old;@;2010-08-18 10:59:52;2010-07-14 09:58:40;2010-07-14 09:58:40;NULL;NULL;NULL;NULL
3;\i2b2\Demographics\Age\45-54 years old\;  45-54 years old;N;FA ;NULL;NULL;NULL;patient_num;patient_dimension;birth_date;N;BETWEEN;(CURRENT_DATE - INTERVAL '20089.75 day') AND (CURRENT_DATE - INTERVAL '16437.25 day');NULL;Demographics \ Age \ 45-54 years old;@;2010-08-18 10:59:52;2010-07-14 09:58:40;2010-07-14 09:58:40;NULL;NULL;NULL;NULL
4;\i2b2\Demographics\Age\45-54 years old\45 years old\;45 years old;N;LA ;NULL;DEM|AGE:45;NULL;patient_num;patient_dimension;birth_date;N;BETWEEN;(CURRENT_DATE - INTERVAL '16802.5 day') AND (CURRENT_DATE - INTERVAL '16437.25 day');NULL;Demographics \ Age \ 45-54 years old \ 45 years old;@;2010-08-18 10:59:52;2010-07-14 09:58:40;2010-07-14 09:58:40;NULL;NULL;NULL;NULL
4;\i2b2\Demographics\Age\45-54 years old\46 years old\;46 years old;N;LA ;NULL;DEM|AGE:46;NULL;patient_num;patient_dimension;birth_date;N;BETWEEN;(CURRENT_DATE - INTERVAL '17167.75 day') AND (CURRENT_DATE - INTERVAL '16802.5 day');NULL;Demographics \ Age \ 45-54 years old \ 46 years old;@;2010-08-18 10:59:52;2010-07-14 09:58:40;2010-07-14 09:58:40;NULL;NULL;NULL;NULL
4;\i2b2\Demographics\Age\45-54 years old\47 years old\;47 years old;N;LA ;NULL;DEM|AGE:47;NULL;patient_num;patient_dimension;birth_date;N;BETWEEN;(CURRENT_DATE - INTERVAL '17533 day') AND (CURRENT_DATE - INTERVAL '17167.75 day');NULL;Demographics \ Age \ 45-54 years old \ 47 years old;@;2010-08-18 10:59:52;2010-07-14 09:58:40;2010-07-14 09:58:40;NULL;NULL;NULL;NULL
4;\i2b2\Demographics\Age\45-54 years old\48 years old\;48 years old;N;LA ;NULL;DEM|AGE:48;NULL;patient_num;patient_dimension;birth_date;N;BETWEEN;(CURRENT_DATE - INTERVAL '17898.25 day') AND (CURRENT_DATE - INTERVAL '17533 day');NULL;Demographics \ Age \ 45-54 years old \ 48 years old;@;2010-08-18 10:59:52;2010-07-14 09:58:40;2010-07-14 09:58:40;NULL;NULL;NULL;NULL
4;\i2b2\Demographics\Age\45-54 years old\49 years old\;49 years old;N;LA ;NULL;DEM|AGE:49;NULL;patient_num;patient_dimension;birth_date;N;BETWEEN;(CURRENT_DATE - INTERVAL '18263.5 day') AND (CURRENT_DATE - INTERVAL '17898.25 day');NULL;Demographics \ Age \ 45-54 years old \ 49 years old;@;2010-08-18 10:59:52;2010-07-14 09:58:40;2010-07-14 09:58:40;NULL;NULL;NULL;NULL
4;\i2b2\Demographics\Age\45-54 years old\50 years old\;50 years old;N;LA ;NULL;DEM|AGE:50;NULL;patient_num;patient_dimension;birth_date;N;BETWEEN;(CURRENT_DATE - INTERVAL '18628.75 day') AND (CURRENT_DATE - INTERVAL '18263.5 day');NULL;Demographics \ Age \ 45-54 years old \ 50 years old;@;2010-08-18 10:59:52;2010-07-14 09:58:40;2010-07-14 09:58:40;NULL;NULL;NULL;NULL
4;\i2b2\Demographics\Age\45-54 years old\51 years old\;51 years old;N;LA ;NULL;DEM|AGE:51;NULL;patient_num;patient_dimension;birth_date;N;BETWEEN;(CURRENT_DATE - INTERVAL '18994 day') AND (CURRENT_DATE - INTERVAL '18628.75 day');NULL;Demographics \ Age \ 45-54 years old \ 51 years old;@;2010-08-18 10:59:52;2010-07-14 09:58:40;2010-07-14 09:58:40;NULL;NULL;NULL;NULL
4;\i2b2\Demographics\Age\45-54 years old\52 years old\;52 years old;N;LA ;NULL;DEM|AGE:52;NULL;patient_num;patient_dimension;birth_date;N;BETWEEN;(CURRENT_DATE - INTERVAL '19359.25 day') AND (CURRENT_DATE - INTERVAL '18994 day');NULL;Demographics \ Age \ 45-54 years old \ 52 years old;@;2010-08-18 10:59:52;2010-07-14 09:58:40;2010-07-14 09:58:40;NULL;NULL;NULL;NULL
4;\i2b2\Demographics\Age\45-54 years old\53 years old\;53 years old;N;LA ;NULL;DEM|AGE:53;NULL;patient_num;patient_dimension;birth_date;N;BETWEEN;(CURRENT_DATE - INTERVAL '19724.5 day') AND (CURRENT_DATE - INTERVAL '19359.25 day');NULL;Demographics \ Age \ 45-54 years old \ 53 years old;@;2010-08-18 10:59:52;2010-07-14 09:58:40;2010-07-14 09:58:40;NULL;NULL;NULL;NULL
4;\i2b2\Demographics\Age\45-54 years old\54 years old\;54 years old;N;LA ;NULL;DEM|AGE:54;NULL;patient_num;patient_dimension;birth_date;N;BETWEEN;(CURRENT_DATE - INTERVAL '20089.75 day') AND (CURRENT_DATE - INTERVAL '19724.5 day');NULL;Demographics \ Age \ 45-54 years old \ 54 years old;@;2010-08-18 10:59:52;2010-07-14 09:58:40;2010-07-14 09:58:40;NULL;NULL;NULL;NULL
3;\i2b2\Demographics\Age\55-64 years old\;  55-64 years old;N;FA ;NULL;NULL;NULL;patient_num;patient_dimension;birth_date;N;BETWEEN;(CURRENT_DATE - INTERVAL '23742.25 day') AND (CURRENT_DATE - INTERVAL '20089.75 day');NULL;Demographics \ Age \ 55-64 years old;@;2010-08-18 10:59:52;2010-07-14 09:58:40;2010-07-14 09:58:40;NULL;NULL;NULL;NULL
4;\i2b2\Demographics\Age\55-64 years old\55 years old\;55 years old;N;LA ;NULL;DEM|AGE:55;NULL;patient_num;patient_dimension;birth_date;N;BETWEEN;(CURRENT_DATE - INTERVAL '20455 day') AND (CURRENT_DATE - INTERVAL '20089.75 day');NULL;Demographics \ Age \ 55-64 years old \ 55 years old;@;2010-08-18 10:59:52;2010-07-14 09:58:40;2010-07-14 09:58:40;NULL;NULL;NULL;NULL
4;\i2b2\Demographics\Age\55-64 years old\56 years old\;56 years old;N;LA ;NULL;DEM|AGE:56;NULL;patient_num;patient_dimension;birth_date;N;BETWEEN;(CURRENT_DATE - INTERVAL '20820.25 day') AND (CURRENT_DATE - INTERVAL '20455 day');NULL;Demographics \ Age \ 55-64 years old \ 56 years old;@;2010-08-18 10:59:52;2010-07-14 09:58:40;2010-07-14 09:58:40;NULL;NULL;NULL;NULL
4;\i2b2\Demographics\Age\55-64 years old\57 years old\;57 years old;N;LA ;NULL;DEM|AGE:57;NULL;patient_num;patient_dimension;birth_date;N;BETWEEN;(CURRENT_DATE - INTERVAL '21185.5 day') AND (CURRENT_DATE - INTERVAL '20820.25 day');NULL;Demographics \ Age \ 55-64 years old \ 57 years old;@;2010-08-18 10:59:52;2010-07-14 09:58:40;2010-07-14 09:58:40;NULL;NULL;NULL;NULL
4;\i2b2\Demographics\Age\55-64 years old\58 years old\;58 years old;N;LA ;NULL;DEM|AGE:58;NULL;patient_num;patient_dimension;birth_date;N;BETWEEN;(CURRENT_DATE - INTERVAL '21550.75 day') AND (CURRENT_DATE - INTERVAL '21185.5 day');NULL;Demographics \ Age \ 55-64 years old \ 58 years old;@;2010-08-18 10:59:52;2010-07-14 09:58:40;2010-07-14 09:58:40;NULL;NULL;NULL;NULL
4;\i2b2\Demographics\Age\55-64 years old\59 years old\;59 years old;N;LA ;NULL;DEM|AGE:59;NULL;patient_num;patient_dimension;birth_date;N;BETWEEN;(CURRENT_DATE - INTERVAL '21916 day') AND (CURRENT_DATE - INTERVAL '21550.75 day');NULL;Demographics \ Age \ 55-64 years old \ 59 years old;@;2010-08-18 10:59:52;2010-07-14 09:58:40;2010-07-14 09:58:40;NULL;NULL;NULL;NULL
4;\i2b2\Demographics\Age\55-64 years old\60 years old\;60 years old;N;LA ;NULL;DEM|AGE:60;NULL;patient_num;patient_dimension;birth_date;N;BETWEEN;(CURRENT_DATE - INTERVAL '22281.25 day') AND (CURRENT_DATE - INTERVAL '21916 day');NULL;Demographics \ Age \ 55-64 years old \ 60 years old;@;2010-08-18 10:59:52;2010-07-14 09:58:40;2010-07-14 09:58:40;NULL;NULL;NULL;NULL
4;\i2b2\Demographics\Age\55-64 years old\61 years old\;61 years old;N;LA ;NULL;DEM|AGE:61;NULL;patient_num;patient_dimension;birth_date;N;BETWEEN;(CURRENT_DATE - INTERVAL '22646.5 day') AND (CURRENT_DATE - INTERVAL '22281.25 day');NULL;Demographics \ Age \ 55-64 years old \ 61 years old;@;2010-08-18 10:59:52;2010-07-14 09:58:40;2010-07-14 09:58:40;NULL;NULL;NULL;NULL
4;\i2b2\Demographics\Age\55-64 years old\62 years old\;62 years old;N;LA ;NULL;DEM|AGE:62;NULL;patient_num;patient_dimension;birth_date;N;BETWEEN;(CURRENT_DATE - INTERVAL '23011.75 day') AND (CURRENT_DATE - INTERVAL '22646.5 day');NULL;Demographics \ Age \ 55-64 years old \ 62 years old;@;2010-08-18 10:59:52;2010-07-14 09:58:40;2010-07-14 09:58:40;NULL;NULL;NULL;NULL
4;\i2b2\Demographics\Age\55-64 years old\63 years old\;63 years old;N;LA ;NULL;DEM|AGE:63;NULL;patient_num;patient_dimension;birth_date;N;BETWEEN;(CURRENT_DATE - INTERVAL '23377 day') AND (CURRENT_DATE - INTERVAL '23011.75 day');NULL;Demographics \ Age \ 55-64 years old \ 63 years old;@;2010-08-18 10:59:52;2010-07-14 09:58:40;2010-07-14 09:58:40;NULL;NULL;NULL;NULL
4;\i2b2\Demographics\Age\55-64 years old\64 years old\;64 years old;N;LA ;NULL;DEM|AGE:64;NULL;patient_num;patient_dimension;birth_date;N;BETWEEN;(CURRENT_DATE - INTERVAL '23742.25 day') AND (CURRENT_DATE - INTERVAL '23377 day');NULL;Demographics \ Age \ 55-64 years old \ 64 years old;@;2010-08-18 10:59:52;2010-07-14 09:58:40;2010-07-14 09:58:40;NULL;NULL;NULL;NULL
3;\i2b2\Demographics\Age\65-74 years old\;  65-74 years old;N;FA ;NULL;NULL;NULL;patient_num;patient_dimension;birth_date;N;BETWEEN;(CURRENT_DATE - INTERVAL '27394.75 day') AND (CURRENT_DATE - INTERVAL '23742.25 day');NULL;Demographics \ Age \ 65-74 years old;@;2010-08-18 10:59:52;2010-07-14 09:58:40;2010-07-14 09:58:40;NULL;NULL;NULL;NULL
4;\i2b2\Demographics\Age\65-74 years old\65 years old\;65 years old;N;LA ;NULL;DEM|AGE:65;NULL;patient_num;patient_dimension;birth_date;N;BETWEEN;(CURRENT_DATE - INTERVAL '24107.5 day') AND (CURRENT_DATE - INTERVAL '23742.25 day');NULL;Demographics \ Age \ 65-74 years old \ 65 years old;@;2010-08-18 10:59:52;2010-07-14 09:58:40;2010-07-14 09:58:40;NULL;NULL;NULL;NULL
4;\i2b2\Demographics\Age\65-74 years old\66 years old\;66 years old;N;LA ;NULL;DEM|AGE:66;NULL;patient_num;patient_dimension;birth_date;N;BETWEEN;(CURRENT_DATE - INTERVAL '24472.75 day') AND (CURRENT_DATE - INTERVAL '24107.5 day');NULL;Demographics \ Age \ 65-74 years old \ 66 years old;@;2010-08-18 10:59:52;2010-07-14 09:58:40;2010-07-14 09:58:40;NULL;NULL;NULL;NULL
4;\i2b2\Demographics\Age\65-74 years old\67 years old\;67 years old;N;LA ;NULL;DEM|AGE:67;NULL;patient_num;patient_dimension;birth_date;N;BETWEEN;(CURRENT_DATE - INTERVAL '24838 day') AND (CURRENT_DATE - INTERVAL '24472.75 day');NULL;Demographics \ Age \ 65-74 years old \ 67 years old;@;2010-08-18 10:59:52;2010-07-14 09:58:40;2010-07-14 09:58:40;NULL;NULL;NULL;NULL
4;\i2b2\Demographics\Age\65-74 years old\68 years old\;68 years old;N;LA ;NULL;DEM|AGE:68;NULL;patient_num;patient_dimension;birth_date;N;BETWEEN;(CURRENT_DATE - INTERVAL '25203.25 day') AND (CURRENT_DATE - INTERVAL '24838 day');NULL;Demographics \ Age \ 65-74 years old \ 68 years old;@;2010-08-18 10:59:52;2010-07-14 09:58:40;2010-07-14 09:58:40;NULL;NULL;NULL;NULL
4;\i2b2\Demographics\Age\65-74 years old\69 years old\;69 years old;N;LA ;NULL;DEM|AGE:69;NULL;patient_num;patient_dimension;birth_date;N;BETWEEN;(CURRENT_DATE - INTERVAL '25568.5 day') AND (CURRENT_DATE - INTERVAL '25203.25 day');NULL;Demographics \ Age \ 65-74 years old \ 69 years old;@;2010-08-18 10:59:52;2010-07-14 09:58:40;2010-07-14 09:58:40;NULL;NULL;NULL;NULL
4;\i2b2\Demographics\Age\65-74 years old\70 years old\;70 years old;N;LA ;NULL;DEM|AGE:70;NULL;patient_num;patient_dimension;birth_date;N;BETWEEN;(CURRENT_DATE - INTERVAL '25933.75 day') AND (CURRENT_DATE - INTERVAL '25568.5 day');NULL;Demographics \ Age \ 65-74 years old \ 70 years old;@;2010-08-18 10:59:52;2010-07-14 09:58:40;2010-07-14 09:58:40;NULL;NULL;NULL;NULL
4;\i2b2\Demographics\Age\65-74 years old\71 years old\;71 years old;N;LA ;NULL;DEM|AGE:71;NULL;patient_num;patient_dimension;birth_date;N;BETWEEN;(CURRENT_DATE - INTERVAL '26299 day') AND (CURRENT_DATE - INTERVAL '25933.75 day');NULL;Demographics \ Age \ 65-74 years old \ 71 years old;@;2010-08-18 10:59:52;2010-07-14 09:58:40;2010-07-14 09:58:40;NULL;NULL;NULL;NULL
4;\i2b2\Demographics\Age\65-74 years old\72 years old\;72 years old;N;LA ;NULL;DEM|AGE:72;NULL;patient_num;patient_dimension;birth_date;N;BETWEEN;(CURRENT_DATE - INTERVAL '26664.25 day') AND (CURRENT_DATE - INTERVAL '26299 day');NULL;Demographics \ Age \ 65-74 years old \ 72 years old;@;2010-08-18 10:59:52;2010-07-14 09:58:40;2010-07-14 09:58:40;NULL;NULL;NULL;NULL
4;\i2b2\Demographics\Age\65-74 years old\73 years old\;73 years old;N;LA ;NULL;DEM|AGE:73;NULL;patient_num;patient_dimension;birth_date;N;BETWEEN;(CURRENT_DATE - INTERVAL '27029.5 day') AND (CURRENT_DATE - INTERVAL '26664.25 day');NULL;Demographics \ Age \ 65-74 years old \ 73 years old;@;2010-08-18 10:59:52;2010-07-14 09:58:40;2010-07-14 09:58:40;NULL;NULL;NULL;NULL
4;\i2b2\Demographics\Age\65-74 years old\74 years old\;74 years old;N;LA ;NULL;DEM|AGE:74;NULL;patient_num;patient_dimension;birth_date;N;BETWEEN;(CURRENT_DATE - INTERVAL '27394.75 day') AND (CURRENT_DATE - INTERVAL '27029.5 day');NULL;Demographics \ Age \ 65-74 years old \ 74 years old;@;2010-08-18 10:59:52;2010-07-14 09:58:40;2010-07-14 09:58:40;NULL;NULL;NULL;NULL
3;\i2b2\Demographics\Age\75-84 years old\;  75-84 years old;N;FA ;NULL;NULL;NULL;patient_num;patient_dimension;birth_date;N;BETWEEN;(CURRENT_DATE - INTERVAL '31047.25 day') AND (CURRENT_DATE - INTERVAL '27394.75 day');NULL;Demographics \ Age \ 75-84 years old;@;2010-08-18 10:59:52;2010-07-14 09:58:40;2010-07-14 09:58:40;NULL;NULL;NULL;NULL
4;\i2b2\Demographics\Age\75-84 years old\75 years old\;75 years old;N;LA ;NULL;DEM|AGE:75;NULL;patient_num;patient_dimension;birth_date;N;BETWEEN;(CURRENT_DATE - INTERVAL '27760 day') AND (CURRENT_DATE - INTERVAL '27394.75 day');NULL;Demographics \ Age \ 75-84 years old \ 75 years old;@;2010-08-18 10:59:52;2010-07-14 09:58:40;2010-07-14 09:58:40;NULL;NULL;NULL;NULL
4;\i2b2\Demographics\Age\75-84 years old\76 years old\;76 years old;N;LA ;NULL;DEM|AGE:76;NULL;patient_num;patient_dimension;birth_date;N;BETWEEN;(CURRENT_DATE - INTERVAL '28125.25 day') AND (CURRENT_DATE - INTERVAL '27760 day');NULL;Demographics \ Age \ 75-84 years old \ 76 years old;@;2010-08-18 10:59:52;2010-07-14 09:58:40;2010-07-14 09:58:40;NULL;NULL;NULL;NULL
4;\i2b2\Demographics\Age\75-84 years old\77 years old\;77 years old;N;LA ;NULL;DEM|AGE:77;NULL;patient_num;patient_dimension;birth_date;N;BETWEEN;(CURRENT_DATE - INTERVAL '28490.50 day') AND (CURRENT_DATE - INTERVAL '28125.25 day');NULL;Demographics \ Age \ 75-84 years old \ 77 years old;@;2010-08-18 10:59:52;2010-07-14 09:58:40;2010-07-14 09:58:40;NULL;NULL;NULL;NULL
4;\i2b2\Demographics\Age\75-84 years old\78 years old\;78 years old;N;LA ;NULL;DEM|AGE:78;NULL;patient_num;patient_dimension;birth_date;N;BETWEEN;(CURRENT_DATE - INTERVAL '28855.75 day') AND (CURRENT_DATE - INTERVAL '28490.50 day');NULL;Demographics \ Age \ 75-84 years old \ 78 years old;@;2010-08-18 10:59:52;2010-07-14 09:58:40;2010-07-14 09:58:40;NULL;NULL;NULL;NULL
4;\i2b2\Demographics\Age\75-84 years old\79 years old\;79 years old;N;LA ;NULL;DEM|AGE:79;NULL;patient_num;patient_dimension;birth_date;N;BETWEEN;(CURRENT_DATE - INTERVAL '29221 day') AND (CURRENT_DATE - INTERVAL '28855.75 day');NULL;Demographics \ Age \ 75-84 years old \ 79 years old;@;2010-08-18 10:59:52;2010-07-14 09:58:40;2010-07-14 09:58:40;NULL;NULL;NULL;NULL
4;\i2b2\Demographics\Age\75-84 years old\80 years old\;80 years old;N;LA ;NULL;DEM|AGE:80;NULL;patient_num;patient_dimension;birth_date;N;BETWEEN;(CURRENT_DATE - INTERVAL '29586.25 day') AND (CURRENT_DATE - INTERVAL '29221 day');NULL;Demographics \ Age \ 75-84 years old \ 80 years old;@;2010-08-18 10:59:52;2010-07-14 09:58:40;2010-07-14 09:58:40;NULL;NULL;NULL;NULL
4;\i2b2\Demographics\Age\75-84 years old\81 years old\;81 years old;N;LA ;NULL;DEM|AGE:81;NULL;patient_num;patient_dimension;birth_date;N;BETWEEN;(CURRENT_DATE - INTERVAL '29951.5 day') AND (CURRENT_DATE - INTERVAL '29586.25 day');NULL;Demographics \ Age \ 75-84 years old \ 81 years old;@;2010-08-18 10:59:52;2010-07-14 09:58:40;2010-07-14 09:58:40;NULL;NULL;NULL;NULL
4;\i2b2\Demographics\Age\75-84 years old\82 years old\;82 years old;N;LA ;NULL;DEM|AGE:82;NULL;patient_num;patient_dimension;birth_date;N;BETWEEN;(CURRENT_DATE - INTERVAL '30316.75 day') AND (CURRENT_DATE - INTERVAL '29951.5 day');NULL;Demographics \ Age \ 75-84 years old \ 82 years old;@;2010-08-18 10:59:52;2010-07-14 09:58:40;2010-07-14 09:58:40;NULL;NULL;NULL;NULL
4;\i2b2\Demographics\Age\75-84 years old\83 years old\;83 years old;N;LA ;NULL;DEM|AGE:83;NULL;patient_num;patient_dimension;birth_date;N;BETWEEN;(CURRENT_DATE - INTERVAL '30682 day') AND (CURRENT_DATE - INTERVAL '30316.75 day');NULL;Demographics \ Age \ 75-84 years old \ 83 years old;@;2010-08-18 10:59:52;2010-07-14 09:58:40;2010-07-14 09:58:40;NULL;NULL;NULL;NULL
4;\i2b2\Demographics\Age\75-84 years old\84 years old\;84 years old;N;LA ;NULL;DEM|AGE:84;NULL;patient_num;patient_dimension;birth_date;N;BETWEEN;(CURRENT_DATE - INTERVAL '31047.25 day') AND (CURRENT_DATE - INTERVAL '30682 day');NULL;Demographics \ Age \ 75-84 years old \ 84 years old;@;2010-08-18 10:59:52;2010-07-14 09:58:40;2010-07-14 09:58:40;NULL;NULL;NULL;NULL
3;\i2b2\Demographics\Age\Not recorded\;Not recorded;N;LA ;NULL;DEM|AGE:-1;NULL;patient_num;patient_dimension;birth_date;N;IS;NULL;NULL;Demographics \ Age \ Not recorded;@;2010-08-18 10:59:52;2010-07-14 09:58:40;2010-07-14 09:58:40;NULL;NULL;NULL;NULL
2;\i2b2\Demographics\Gender\;Gender;N;FA ;NULL;NULL;NULL;patient_num;patient_dimension;sex_cd;N;IS;NOT NULL;NULL;Demographic \ Gender;@;2007-04-10 00:00:00;2007-04-10 00:00:00;2007-04-10 00:00:00;NULL;NULL;NULL;NULL
3;\i2b2\Demographics\Gender\Female\;Female;N;LA ;NULL;NULL;NULL;patient_num;patient_dimension;patient_num;N;IN;((SELECT DISTINCT patient_num FROM patient_dimension WHERE sex_cd ='F' AND patient_num IN (SELECT DISTINCT patient_num FROM observation_fact) UNION SELECT DISTINCT patient_num FROM observation_fact WHERE concept_cd = 'S:703118005' ));NULL;Demographic \ Gender \ Female;@;2022-03-22 00:00:00;2022-03-22 00:00:00;2022-03-22 00:00:00;NULL;NULL;NULL;NULL
3;\i2b2\Demographics\Gender\Indeterminate\;Indeterminate;N;LA ;NULL;NULL;NULL;patient_num;patient_dimension;patient_num;N;IN;((SELECT DISTINCT patient_num FROM patient_dimension WHERE sex_cd ='X' AND patient_num IN (SELECT DISTINCT patient_num FROM observation_fact) UNION SELECT DISTINCT patient_num FROM observation_fact WHERE concept_cd = 'S:394743007' ));NULL;Demographic \ Gender \ Indeterminate;@;2022-03-22 00:00:00;2022-03-22 00:00:00;2022-03-22 00:00:00;NULL;NULL;NULL;NULL
3;\i2b2\Demographics\Gender\Male\;Male;N;LA ;NULL;NULL;NULL;patient_num;patient_dimension;patient_num;N;IN;((SELECT DISTINCT patient_num FROM patient_dimension WHERE sex_cd ='M' AND patient_num IN (SELECT DISTINCT patient_num FROM observation_fact) UNION SELECT DISTINCT patient_num FROM observation_fact WHERE concept_cd = 'S:703117000' ));NULL;Demographic \ Gender \ Male;@;2022-03-22 00:00:00;2022-03-22 00:00:00;2022-03-22 00:00:00;NULL;NULL;NULL;NULL
3;\i2b2\Demographics\Gender\Unknown\;Unknown;N;LA ;NULL;NULL;NULL;patient_num;patient_dimension;patient_num;N;IN;((SELECT DISTINCT patient_num FROM patient_dimension WHERE sex_cd IS NULL AND patient_num IN (SELECT DISTINCT patient_num FROM observation_fact) ));NULL;Demographic \ Gender \ Unknown;@;2022-03-22 00:00:00;2022-03-22 00:00:00;2022-03-22 00:00:00;NULL;NULL;NULL;NULL
2;\i2b2\Demographics\Vital Status\;Vital Status;N;FA ;NULL;NULL;NULL;patient_num;patient_dimension;patient_num;N;IS;NOT NULL;NULL;Demographic \ Vital Status;@;2007-04-10 00:00:00;2007-04-10 00:00:00;2007-04-10 00:00:00;NULL;NULL;NULL;NULL
3;\i2b2\Demographics\Vital Status\Deceased\;Deceased;N;LA ;NULL;NULL;NULL;patient_num;patient_dimension;patient_num;N;IN;((SELECT DISTINCT patient_num FROM patient_dimension WHERE (death_date IS NOT NULL OR vital_status_cd SIMILAR TO '(Z|Y|M|X|R|T|S)%') AND patient_num IN (SELECT DISTINCT patient_num FROM observation_fact) ));NULL;Demographic \ Vital Status \ Deceased ;@;2022-03-22 00:00:00;2022-03-22 00:00:00;2022-03-22 00:00:00;NULL;NULL;NULL;NULL
3;\i2b2\Demographics\Vital Status\Living\;Living;N;LA ;NULL;DEM|VITAL:n;NULL;patient_num;patient_dimension;vital_status_cd;T;SIMILAR TO;%(D|B|F|H|I|C);NULL;Demographic \ Vital Status \ Living;@;2007-04-10 00:00:00;2007-04-10 00:00:00;2007-04-10 00:00:00;NULL;NULL;NULL;NULL
